Tiempo ,ANGULO,ESTIMULO,PERTURBACION
-0.4,0.0,0.0,0.0
-0.38,0.0,0.0,0.0
-0.36,0.0,0.0,0.0
-0.34,0.0,0.0,0.0
-0.32,0.0,0.0,0.0
-0.3,0.0,0.0,0.0
-0.28,0.0,0.0,0.0
-0.26,0.0,0.0,0.0
-0.24,0.0,0.0,0.0
-0.22,0.0,0.0,0.0
-0.2,0.0,0.0,0.0
-0.18,0.0,0.0,0.0
-0.16,0.0,0.0,0.0
-0.14,0.0,0.0,0.0
-0.12,0.0,0.0,0.0
-0.1,0.0,0.0,0.0
-0.08,0.0,0.0,0.0
-0.06,0.0,0.0,0.0
-0.04,0.0,0.0,0.0
-0.02,0.0,0.0,0.0
0.0,-0.0,0.0,0.0
0.02,-0.0,0.0,0.0
0.04,-0.0,0.0,0.0
0.06,-0.0,0.0,0.0
0.08,-0.0,0.0,0.0
0.1,-0.0,0.0,0.0
0.12,-0.0,0.0,0.0
0.14,-0.0,0.0,0.0
0.16,-0.0,0.0,0.0
0.18,-0.0,0.0,0.0
0.2,-0.0,0.0,0.0
0.22,-0.0,0.0,0.0
0.24,-0.0,0.0,0.0
0.26,-0.0,0.0,0.0
0.28,-0.0,0.0,0.0
0.3,-0.0,0.0,0.0
0.32,-0.0,0.0,0.0
0.34,-0.0,0.0,0.0
0.36,-0.0,0.0,0.0
0.38,-0.0,0.0,0.0
0.4,-0.0,0.0,0.0
0.42,-0.0,0.0,0.0
0.44,-0.0,0.0,0.0
0.46,-0.0,0.0,0.0
0.48,-0.0,0.0,0.0
0.5,-0.0,0.0,0.0
0.52,-0.0,0.0,0.0
0.54,-0.0,0.0,0.0
0.56,-0.0,0.0,0.0
0.58,-0.0,0.0,0.0
0.6,-0.0,0.0,0.0
0.62,-0.0,0.0,0.0
0.64,-0.0,0.0,0.0
0.66,-0.0,0.0,0.0
0.68,-0.0,0.0,0.0
0.7,-0.0,0.0,0.0
0.72,-0.0,0.0,0.0
0.74,-0.0,0.0,0.0
0.76,-0.0,0.0,0.0
0.78,-0.0,0.0,0.0
0.8,-0.0,0.0,0.0
0.82,-0.0,0.0,0.0
0.84,-0.0,0.0,0.0
0.86,-0.0,0.0,0.0
0.88,-0.0,0.0,0.0
0.9,-0.0,0.0,0.0
0.92,-0.0,0.0,0.0
0.94,-0.0,0.0,0.0
0.96,-0.0,0.0,0.0
0.98,-0.0,0.0,0.0
1.0,-0.0,0.0,0.0
1.02,-0.0,0.0,0.0
1.04,-0.0,1.6,0.0
1.06,-0.0,1.6,0.0
1.08,-0.0,1.6,0.0
1.1,-0.0,1.6,0.0
1.12,-0.0,1.6,0.0
1.14,-0.0,1.6,0.0
1.16,0.002,1.6,0.0
1.18,0.003,1.6,0.0
1.2,0.005,1.6,0.0
1.22,0.01,1.6,0.0
1.24,0.016,1.6,0.0
1.26,0.024,1.6,0.0
1.28,0.037,1.6,0.0
1.3,0.049,1.6,0.0
1.32,0.066,1.6,0.0
1.34,0.086,1.6,0.0
1.36,0.108,1.6,0.0
1.38,0.133,1.6,0.0
1.4,0.159,1.6,0.0
1.42,0.188,1.6,0.0
1.44,0.22,1.6,0.0
1.46,0.253,1.6,0.0
1.48,0.29,1.6,0.0
1.5,0.326,1.6,0.0
1.52,0.365,1.6,0.0
1.54,0.403,1.6,0.0
1.56,0.443,1.6,0.0
1.58,0.483,1.6,0.0
1.6,0.524,1.6,0.0
1.62,0.564,1.6,0.0
1.64,0.604,1.6,0.0
1.66,0.644,1.6,0.0
1.68,0.682,1.6,0.0
1.7,0.721,1.6,0.0
1.72,0.757,1.6,0.0
1.74,0.792,1.6,0.0
1.76,0.826,1.6,0.0
1.78,0.859,1.6,0.0
1.8,0.888,1.6,0.0
1.82,0.916,1.6,0.0
1.84,0.942,1.6,0.0
1.86,0.965,1.6,0.0
1.88,0.986,1.6,0.0
1.9,1.005,1.6,0.0
1.92,1.021,1.6,0.0
1.94,1.035,1.6,0.0
1.96,1.045,1.6,0.0
1.98,1.054,1.6,0.0
2.0,1.059,1.6,0.0
2.02,1.063,1.6,0.0
2.04,1.065,1.6,0.0
2.06,1.061,1.6,0.0
2.08,1.058,1.6,0.0
2.1,1.049,1.6,0.0
2.12,1.04,1.6,0.0
2.14,1.028,1.6,0.0
2.16,1.014,1.6,0.0
2.18,0.997,1.6,0.0
2.2,0.977,1.6,0.0
2.22,0.956,1.6,0.0
2.24,0.932,1.6,0.0
2.26,0.908,1.6,0.0
2.28,0.88,1.6,0.0
2.3,0.852,1.6,0.0
2.32,0.82,1.6,0.0
2.34,0.789,1.6,0.0
2.36,0.756,1.6,0.0
2.38,0.721,1.6,0.0
2.4,0.686,1.6,0.0
2.42,0.651,1.6,0.0
2.44,0.614,1.6,0.0
2.46,0.579,1.6,0.0
2.48,0.543,1.6,0.0
2.5,0.506,1.6,0.0
2.52,0.471,1.6,0.0
2.54,0.436,1.6,0.0
2.56,0.403,1.6,0.0
2.58,0.37,1.6,0.0
2.6,0.339,1.6,0.0
2.62,0.309,1.6,0.0
2.64,0.281,1.6,0.0
2.66,0.255,1.6,0.0
2.68,0.232,1.6,0.0
2.7,0.209,1.6,0.0
2.72,0.192,1.6,0.0
2.74,0.175,1.6,0.0
2.76,0.162,1.6,0.0
2.78,0.152,1.6,0.0
2.8,0.143,1.6,0.0
2.82,0.14,1.6,0.0
2.84,0.138,1.6,0.0
2.86,0.138,1.6,0.0
2.88,0.143,1.6,0.0
2.9,0.15,1.6,0.0
2.92,0.159,1.6,0.0
2.94,0.173,1.6,0.0
2.96,0.187,1.6,0.0
2.98,0.204,1.6,0.0
3.0,0.225,1.6,0.0
3.02,0.248,1.6,0.0
3.04,0.271,1.6,0.0
3.06,0.297,1.6,0.0
3.08,0.325,1.6,0.0
3.1,0.354,1.6,0.0
3.12,0.384,1.6,0.0
3.14,0.415,1.6,0.0
3.16,0.447,1.6,0.0
3.18,0.48,1.6,0.0
3.2,0.513,1.6,0.0
3.22,0.546,1.6,0.0
3.24,0.579,1.6,0.0
3.26,0.611,1.6,0.0
3.28,0.644,1.6,0.0
3.3,0.675,1.6,0.0
3.32,0.705,1.6,0.0
3.34,0.735,1.6,0.0
3.36,0.763,1.6,0.0
3.38,0.789,1.6,0.0
3.4,0.813,1.6,0.0
3.42,0.838,1.6,0.0
3.44,0.859,1.6,0.0
3.46,0.88,1.6,0.0
3.48,0.897,1.6,0.0
3.5,0.913,1.6,0.0
3.52,0.927,1.6,0.0
3.54,0.939,1.6,0.0
3.56,0.948,1.6,0.0
3.58,0.955,1.6,0.0
3.6,0.96,1.6,0.0
3.62,0.962,1.6,0.0
3.64,0.963,1.6,0.0
3.66,0.962,1.6,0.0
3.68,0.958,1.6,0.0
3.7,0.951,1.6,0.0
3.72,0.942,1.6,0.0
3.74,0.932,1.6,0.0
3.76,0.92,1.6,0.0
3.78,0.906,1.6,0.0
3.8,0.89,1.6,0.0
3.82,0.873,1.6,0.0
3.84,0.853,1.6,0.0
3.86,0.831,1.6,0.0
3.88,0.81,1.6,0.0
3.9,0.785,1.6,0.0
3.92,0.759,1.6,0.0
3.94,0.733,1.6,0.0
3.96,0.707,1.6,0.0
3.98,0.679,1.6,0.0
4.0,0.649,1.6,0.0
4.02,0.621,1.6,0.0
4.04,0.592,1.6,0.0
4.06,0.562,1.6,0.0
4.08,0.532,1.6,0.0
4.1,0.504,1.6,0.0
4.12,0.475,1.6,0.0
4.14,0.447,1.6,0.0
4.16,0.419,1.6,0.0
4.18,0.394,1.6,0.0
4.2,0.368,1.6,0.0
4.22,0.346,1.6,0.0
4.24,0.323,1.6,0.0
4.26,0.302,1.6,0.0
4.28,0.284,1.6,0.0
4.3,0.267,1.6,0.0
4.32,0.253,1.6,0.0
4.34,0.241,1.6,0.0
4.36,0.23,1.6,0.0
4.38,0.222,1.6,0.0
4.4,0.216,1.6,0.0
4.42,0.213,1.6,0.0
4.44,0.213,1.6,0.0
4.46,0.215,1.6,0.0
4.48,0.218,1.6,0.0
4.5,0.225,1.6,0.0
4.52,0.234,1.6,0.0
4.54,0.244,1.6,0.0
4.56,0.257,1.6,0.0
4.58,0.272,1.6,0.0
4.6,0.288,1.6,0.0
4.62,0.307,1.6,0.0
4.64,0.326,1.6,0.0
4.66,0.349,1.6,0.0
4.68,0.372,1.6,0.0
4.7,0.396,1.6,0.0
4.72,0.421,1.6,0.0
4.74,0.447,1.6,0.0
4.76,0.473,1.6,0.0
4.78,0.499,1.6,0.0
4.8,0.525,1.6,0.0
4.82,0.553,1.6,0.0
4.84,0.579,1.6,0.0
4.86,0.607,1.6,0.0
4.88,0.634,1.6,0.0
4.9,0.658,1.6,0.0
4.92,0.684,1.6,0.0
4.94,0.707,1.6,0.0
4.96,0.731,1.6,0.0
4.98,0.752,1.6,0.0
5.0,0.773,1.6,0.0
5.02,0.792,1.6,0.0
5.04,0.81,1.6,0.0
5.06,0.826,1.6,0.0
5.08,0.84,1.6,0.0
5.1,0.853,1.6,0.0
5.12,0.864,1.6,0.0
5.14,0.873,1.6,0.0
5.16,0.88,1.6,0.0
5.18,0.885,1.6,0.0
5.2,0.888,1.6,0.0
5.22,0.89,1.6,0.0
5.24,0.89,1.6,0.0
5.26,0.888,1.6,0.0
5.28,0.885,1.6,0.0
5.3,0.878,1.6,0.0
5.32,0.871,1.6,0.0
5.34,0.862,1.6,0.0
5.36,0.85,1.6,0.0
5.38,0.838,1.6,0.0
5.4,0.824,1.6,0.0
5.42,0.808,1.6,0.0
5.44,0.792,1.6,0.0
5.46,0.773,1.6,0.0
5.48,0.754,1.6,0.0
5.5,0.733,1.6,0.0
5.52,0.712,1.6,0.0
5.54,0.689,1.6,0.0
5.56,0.667,1.6,0.0
5.58,0.642,1.6,0.0
5.6,0.62,1.6,0.0
5.62,0.595,1.6,0.0
5.64,0.571,1.6,0.0
5.66,0.546,1.6,0.0
5.68,0.522,1.6,0.0
5.7,0.497,1.6,0.0
5.72,0.473,1.6,0.0
5.74,0.45,1.6,0.0
5.76,0.428,1.6,0.0
5.78,0.407,1.6,0.0
5.8,0.387,1.6,0.0
5.82,0.368,1.6,0.0
5.84,0.351,1.6,0.0
5.86,0.335,1.6,0.0
5.88,0.319,1.6,0.0
5.9,0.307,1.6,0.0
5.92,0.295,1.6,0.0
5.94,0.286,1.6,0.0
5.96,0.279,1.6,0.0
5.98,0.272,1.6,0.0
6.0,0.269,1.6,0.0
6.02,0.267,1.6,0.0
6.04,0.267,1.6,0.0
6.06,0.271,1.6,0.0
6.08,0.274,1.6,0.0
6.1,0.281,1.6,0.0
6.12,0.288,1.6,0.0
6.14,0.298,1.6,0.0
6.16,0.309,1.6,0.0
6.18,0.321,1.6,0.0
6.2,0.337,1.6,0.0
6.22,0.353,1.6,0.0
6.24,0.37,1.6,0.0
6.26,0.387,1.6,0.0
6.28,0.407,1.6,0.0
6.3,0.428,1.6,0.0
6.32,0.449,1.6,0.0
6.34,0.469,1.6,0.0
6.36,0.492,1.6,0.0
6.38,0.513,1.6,0.0
6.4,0.536,1.6,0.0
6.42,0.559,1.6,0.0
6.44,0.581,1.6,0.0
6.46,0.604,1.6,0.0
6.48,0.625,1.6,0.0
6.5,0.646,1.6,0.0
6.52,0.667,1.6,0.0
6.54,0.686,1.6,0.0
6.56,0.705,1.6,0.0
6.58,0.723,1.6,0.0
6.6,0.74,1.6,0.0
6.62,0.754,1.6,0.0
6.64,0.77,1.6,0.0
6.66,0.782,1.6,0.0
6.68,0.794,1.6,0.0
6.7,0.803,1.6,0.0
6.72,0.812,1.6,0.0
6.74,0.819,1.6,0.0
6.76,0.826,1.6,0.0
6.78,0.829,1.6,0.0
6.8,0.831,1.6,0.0
6.82,0.833,1.6,0.0
6.84,0.831,1.6,0.0
6.86,0.829,1.6,0.0
6.88,0.824,1.6,0.0
6.9,0.819,1.6,0.0
6.92,0.812,1.6,0.0
6.94,0.803,1.6,0.0
6.96,0.794,1.6,0.0
6.98,0.782,1.6,0.0
7.0,0.77,1.6,0.0
7.02,0.757,1.6,0.0
7.04,0.742,1.6,0.0
7.06,0.726,1.6,0.0
7.08,0.709,1.6,0.0
7.1,0.691,1.6,0.0
7.12,0.674,1.6,0.0
7.14,0.654,1.6,0.0
7.16,0.635,1.6,0.0
7.18,0.616,1.6,0.0
7.2,0.595,1.6,0.0
7.22,0.574,1.6,0.0
7.24,0.555,1.6,0.0
7.26,0.534,1.6,0.0
7.28,0.515,1.6,0.0
7.3,0.494,1.6,0.0
7.32,0.476,1.6,0.0
7.34,0.457,1.6,0.0
7.36,0.44,1.6,0.0
7.38,0.422,1.6,0.0
7.4,0.407,1.6,0.0
7.42,0.393,1.6,0.0
7.44,0.379,1.6,0.0
7.46,0.367,1.6,0.0
7.48,0.354,1.6,0.0
7.5,0.346,1.6,0.0
7.52,0.337,1.6,0.0
7.54,0.332,1.6,0.0
7.56,0.326,1.6,0.0
7.58,0.323,1.6,0.0
7.6,0.321,1.6,0.0
7.62,0.321,1.6,0.0
7.64,0.323,1.6,0.0
7.66,0.325,1.6,0.0
7.68,0.33,1.6,0.0
7.7,0.337,1.6,0.0
7.72,0.344,1.6,0.0
7.74,0.353,1.6,0.0
7.76,0.363,1.6,0.0
7.78,0.375,1.6,0.0
7.8,0.387,1.6,0.0
7.82,0.401,1.6,0.0
7.84,0.417,1.6,0.0
7.86,0.433,1.6,0.0
7.88,0.449,1.6,0.0
7.9,0.466,1.6,0.0
7.92,0.483,1.6,0.0
7.94,0.501,1.6,0.0
7.96,0.52,1.6,0.0
7.98,0.538,1.6,0.0
8.0,0.557,1.6,0.0
8.02,0.574,1.6,0.0
8.04,0.593,1.6,0.0
8.06,0.611,1.6,0.0
8.08,0.628,1.6,0.0
8.1,0.646,1.6,0.0
8.12,0.661,1.6,0.0
8.14,0.677,1.6,0.0
8.16,0.691,1.6,0.0
8.18,0.705,1.6,0.0
8.2,0.717,1.6,0.0
8.22,0.73,1.6,0.0
8.24,0.74,1.6,0.0
8.26,0.75,1.6,0.0
8.28,0.757,1.6,0.0
8.3,0.764,1.6,0.0
8.32,0.771,1.6,0.0
8.34,0.775,1.6,0.0
8.36,0.778,1.6,0.0
8.38,0.78,1.6,0.0
8.4,0.78,1.6,0.0
8.42,0.78,1.6,0.0
8.44,0.778,1.6,0.0
8.46,0.775,1.6,0.0
8.48,0.77,1.6,0.0
8.5,0.764,1.6,0.0
8.52,0.757,1.6,0.0
8.54,0.749,1.6,0.0
8.56,0.74,1.6,0.0
8.58,0.73,1.6,0.0
8.6,0.719,1.6,0.0
8.62,0.707,1.6,0.0
8.64,0.693,1.6,0.0
8.66,0.679,1.6,0.0
8.68,0.665,1.6,0.0
8.7,0.649,1.6,0.0
8.72,0.634,1.6,0.0
8.74,0.618,1.6,0.0
8.76,0.6,1.6,0.0
8.78,0.585,1.6,0.0
8.8,0.567,1.6,0.0
8.82,0.55,1.6,0.0
8.84,0.532,1.6,0.0
8.86,0.517,1.6,0.0
8.88,0.499,1.6,0.0
8.9,0.483,1.6,0.0
8.92,0.468,1.6,0.0
8.94,0.454,1.6,0.0
8.96,0.438,1.6,0.0
8.98,0.426,1.6,0.0
9.0,0.412,1.6,0.0
9.02,0.401,1.6,0.0
9.04,0.391,1.6,0.0
9.06,0.38,1.6,0.0
9.08,0.374,1.6,0.0
9.1,0.365,1.6,0.0
9.12,0.36,1.6,0.0
9.14,0.356,1.6,0.0
9.16,0.353,1.6,0.0
9.18,0.351,1.6,0.0
9.2,0.349,1.6,0.0
9.22,0.351,1.6,0.0
9.24,0.353,1.6,0.0
9.26,0.356,1.6,0.0
9.28,0.361,1.6,0.0
9.3,0.367,1.6,0.0
9.32,0.374,1.6,0.0
9.34,0.382,1.6,0.0
9.36,0.393,1.6,0.0
9.38,0.403,1.6,0.0
9.4,0.414,1.6,0.0
9.42,0.426,1.6,0.0
9.44,0.44,1.6,0.0
9.46,0.454,1.6,0.0
9.48,0.468,1.6,0.0
9.5,0.483,1.6,0.0
9.52,0.497,1.6,0.0
9.54,0.513,1.6,0.0
9.56,0.529,1.6,0.0
9.58,0.545,1.6,0.0
9.6,0.56,1.6,0.0
9.62,0.576,1.6,0.0
9.64,0.592,1.6,0.0
9.66,0.607,1.6,0.0
9.68,0.621,1.6,0.0
9.7,0.637,1.6,0.0
9.72,0.651,1.6,0.0
9.74,0.663,1.6,0.0
9.76,0.675,1.6,0.0
9.78,0.688,1.6,0.0
9.8,0.698,1.6,0.0
9.82,0.709,1.6,0.0
9.84,0.717,1.6,0.0
9.86,0.724,1.6,0.0
9.88,0.731,1.6,0.0
9.9,0.737,1.6,0.0
9.92,0.742,1.6,0.0
9.94,0.745,1.6,0.0
9.96,0.747,1.6,0.0
9.98,0.749,1.6,0.0
10.0,0.749,1.6,0.0
10.02,0.747,1.6,0.0
10.04,0.745,1.6,0.0
10.06,0.742,1.6,0.0
10.08,0.738,1.6,0.0
10.1,0.733,1.6,0.0
10.12,0.726,1.6,0.0
10.14,0.719,1.6,0.0
10.16,0.71,1.6,0.0
10.18,0.702,1.6,0.0
10.2,0.691,1.6,0.0
10.22,0.681,1.6,0.0
10.24,0.668,1.6,0.0
10.26,0.656,1.6,0.0
10.28,0.644,1.6,0.0
10.3,0.632,1.6,0.0
10.32,0.618,1.6,0.0
10.34,0.604,1.6,0.0
10.36,0.59,1.6,0.0
10.38,0.574,1.6,0.0
10.4,0.56,1.6,0.0
10.42,0.546,1.6,0.0
10.44,0.531,1.6,0.0
10.46,0.517,1.6,0.0
10.48,0.503,1.6,0.0
10.5,0.49,1.6,0.0
10.52,0.476,1.6,0.0
10.54,0.464,1.6,0.0
10.56,0.452,1.6,0.0
10.58,0.442,1.6,0.0
10.6,0.431,1.6,0.0
10.62,0.421,1.6,0.0
10.64,0.412,1.6,0.0
10.66,0.405,1.6,0.0
10.68,0.398,1.6,0.0
10.7,0.391,1.6,0.0
10.72,0.387,1.6,0.0
10.74,0.384,1.6,0.0
10.76,0.38,1.6,0.0
10.78,0.379,1.6,0.0
10.8,0.379,1.6,0.0
10.82,0.38,1.6,0.0
10.84,0.382,1.6,0.0
10.86,0.386,1.6,0.0
10.88,0.389,1.6,0.0
10.9,0.394,1.6,0.0
10.92,0.401,1.6,0.0
10.94,0.408,1.6,0.0
10.96,0.417,1.6,0.0
10.98,0.426,1.6,0.0
11.0,0.435,1.6,0.0
11.02,0.445,1.6,0.0
11.04,0.457,1.6,0.0
11.06,0.469,1.6,0.0
11.08,0.482,1.6,0.0
11.1,0.494,1.6,0.0
11.12,0.506,1.6,0.0
11.14,0.52,1.6,0.0
11.16,0.532,1.6,0.0
11.18,0.546,1.6,0.0
11.2,0.56,1.6,0.0
11.22,0.572,1.6,0.0
11.24,0.586,1.6,0.0
11.26,0.599,1.6,0.0
11.28,0.611,1.6,0.0
11.3,0.623,1.6,0.0
11.32,0.635,1.6,0.0
11.34,0.646,1.6,0.0
11.36,0.656,1.6,0.0
11.38,0.665,1.6,0.0
11.4,0.675,1.6,0.0
11.42,0.682,1.6,0.0
11.44,0.689,1.6,0.0
11.46,0.696,1.6,0.0
11.48,0.702,1.6,0.0
11.5,0.707,1.6,0.0
11.52,0.71,1.6,0.0
11.54,0.714,1.6,0.0
11.56,0.716,1.6,0.0
11.58,0.716,1.6,0.0
11.6,0.716,1.6,0.0
11.62,0.714,1.6,0.0
11.64,0.712,1.6,0.0
11.66,0.709,1.6,0.0
11.68,0.705,1.6,0.0
11.7,0.7,1.6,0.0
11.72,0.695,1.6,0.0
11.74,0.688,1.6,0.0
11.76,0.681,1.6,0.0
11.78,0.674,1.6,0.0
11.8,0.665,1.6,0.0
11.82,0.654,1.6,0.0
11.84,0.646,1.6,0.0
11.86,0.634,1.6,0.0
11.88,0.623,1.6,0.0
11.9,0.613,1.6,0.0
11.92,0.6,1.6,0.0
11.94,0.588,1.6,0.0
11.96,0.576,1.6,0.0
11.98,0.564,1.6,0.0
12.0,0.552,1.6,0.0
12.02,0.539,1.6,0.0
12.04,0.527,1.6,0.0
12.06,0.515,1.6,0.0
12.08,0.504,1.6,0.0
12.1,0.492,1.6,0.0
12.12,0.482,1.6,0.0
12.14,0.471,1.6,0.0
12.16,0.463,1.6,0.0
12.18,0.452,1.6,0.0
12.2,0.445,1.6,0.0
12.22,0.436,1.6,0.0
12.24,0.429,1.6,0.0
12.26,0.424,1.6,0.0
12.28,0.419,1.6,0.0
12.3,0.414,1.6,0.0
12.32,0.41,1.6,0.0
12.34,0.408,1.6,0.0
12.36,0.407,1.6,0.0
12.38,0.407,1.6,0.0
12.4,0.407,1.6,0.0
12.42,0.408,1.6,0.0
12.44,0.41,1.6,0.0
12.46,0.414,1.6,0.0
12.48,0.417,1.6,0.0
12.5,0.422,1.6,0.0
12.52,0.429,1.6,0.0
12.54,0.435,1.6,0.0
12.56,0.442,1.6,0.0
12.58,0.45,1.6,0.0
12.6,0.459,1.6,0.0
12.62,0.468,1.6,0.0
12.64,0.478,1.6,0.0
12.66,0.489,1.6,0.0
12.68,0.499,1.6,0.0
12.7,0.51,1.6,0.0
12.72,0.52,1.6,0.0
12.74,0.531,1.6,0.0
12.76,0.543,1.6,0.0
12.78,0.553,1.6,0.0
12.8,0.564,1.6,0.0
12.82,0.576,1.6,0.0
12.84,0.586,1.6,0.0
12.86,0.597,1.6,0.0
12.88,0.607,1.6,0.0
12.9,0.616,1.6,0.0
12.92,0.625,1.6,0.0
12.94,0.634,1.6,0.0
12.96,0.642,1.6,0.0
12.98,0.649,1.6,0.0
13.0,0.656,1.6,0.0
13.02,0.663,1.6,0.0
13.04,0.668,1.6,0.0
13.06,0.674,1.6,0.0
13.08,0.677,1.6,0.0
13.1,0.681,1.6,0.0
13.12,0.682,1.6,0.0
13.14,0.684,1.6,0.0
13.16,0.686,1.6,0.0
13.18,0.686,1.6,0.0
13.2,0.684,1.6,0.0
13.22,0.682,1.6,0.0
13.24,0.681,1.6,0.0
13.26,0.677,1.6,0.0
13.28,0.674,1.6,0.0
13.3,0.668,1.6,0.0
13.32,0.663,1.6,0.0
13.34,0.658,1.6,0.0
13.36,0.651,1.6,0.0
13.38,0.644,1.6,0.0
13.4,0.635,1.6,0.0
13.42,0.628,1.6,0.0
13.44,0.62,1.6,0.0
13.46,0.611,1.6,0.0
13.48,0.6,1.6,0.0
13.5,0.592,1.6,0.0
13.52,0.581,1.6,0.0
13.54,0.571,1.6,0.0
13.56,0.562,1.6,0.0
13.58,0.552,1.6,0.0
13.6,0.541,1.6,0.0
13.62,0.531,1.6,0.0
13.64,0.522,1.6,0.0
13.66,0.511,1.6,0.0
13.68,0.503,1.6,0.0
13.7,0.494,1.6,0.0
13.72,0.485,1.6,0.0
13.74,0.476,1.6,0.0
13.76,0.469,1.6,0.0
13.78,0.463,1.6,0.0
13.8,0.456,1.6,0.0
13.82,0.45,1.6,0.0
13.84,0.445,1.6,0.0
13.86,0.442,1.6,0.0
13.88,0.438,1.6,0.0
13.9,0.435,1.6,0.0
13.92,0.433,1.6,0.0
13.94,0.431,1.6,0.0
13.96,0.431,1.6,0.0
13.98,0.431,1.6,0.0
14.0,0.433,1.6,0.0
14.02,0.435,1.6,0.0
14.04,0.438,1.6,0.0
14.06,0.442,1.6,0.0
14.08,0.445,1.6,0.0
14.1,0.45,1.6,0.0
14.12,0.456,1.6,0.0
14.14,0.461,1.6,0.0
14.16,0.468,1.6,0.0
14.18,0.475,1.6,0.0
14.2,0.482,1.6,0.0
14.22,0.49,1.6,0.0
14.24,0.499,1.6,0.0
14.26,0.508,1.6,0.0
14.28,0.517,1.6,0.0
14.3,0.525,1.6,0.0
14.32,0.534,1.6,0.0
14.34,0.545,1.6,0.0
14.36,0.553,1.6,0.0
14.38,0.562,1.6,0.0
14.4,0.572,1.6,0.0
14.42,0.581,1.6,0.0
14.44,0.59,1.6,0.0
14.46,0.599,1.6,0.0
14.48,0.606,1.6,0.0
14.5,0.614,1.6,0.0
14.52,0.621,1.6,0.0
14.54,0.628,1.6,0.0
14.56,0.635,1.6,0.0
14.58,0.641,1.6,0.0
14.6,0.646,1.6,0.0
14.62,0.651,1.6,0.0
14.64,0.654,1.6,0.0
14.66,0.658,1.6,0.0
14.68,0.661,1.6,0.0
14.7,0.663,1.6,0.0
14.72,0.665,1.6,0.0
14.74,0.665,1.6,0.0
14.76,0.665,1.6,0.0
14.78,0.665,1.6,0.0
14.8,0.663,1.6,0.0
14.82,0.661,1.6,0.0
14.84,0.66,1.6,0.0
14.86,0.656,1.6,0.0
14.88,0.653,1.6,0.0
14.9,0.648,1.6,0.0
14.92,0.642,1.6,0.0
14.94,0.637,1.6,0.0
14.96,0.632,1.6,0.0
14.98,0.625,1.6,0.0
15.0,0.618,1.6,0.0
15.02,0.611,1.6,0.0
15.04,0.604,1.6,0.0
15.06,0.595,1.6,0.0
15.08,0.588,1.6,0.0
15.1,0.579,1.6,0.0
15.12,0.571,1.6,0.0
15.14,0.562,1.6,0.0
15.16,0.553,1.6,0.0
15.18,0.546,1.6,0.0
15.2,0.538,1.6,0.0
15.22,0.529,1.6,0.0
15.24,0.52,1.6,0.0
15.26,0.513,1.6,0.0
15.28,0.504,1.6,0.0
15.3,0.497,1.6,0.0
15.32,0.49,1.6,0.0
15.34,0.485,1.6,0.0
15.36,0.478,1.6,0.0
15.38,0.473,1.6,0.0
15.4,0.468,1.6,0.0
15.42,0.464,1.6,0.0
15.44,0.461,1.6,0.0
15.46,0.457,1.6,0.0
15.48,0.454,1.6,0.0
15.5,0.452,1.6,0.0
15.52,0.452,1.6,0.0
15.54,0.45,1.6,0.0
15.56,0.45,1.6,0.0
15.58,0.452,1.6,0.0
15.6,0.454,1.6,0.0
15.62,0.456,1.6,0.0
15.64,0.457,1.6,0.0
15.66,0.461,1.6,0.0
15.68,0.466,1.6,0.0
15.7,0.469,1.6,0.0
15.72,0.475,1.6,0.0
15.74,0.48,1.6,0.0
15.76,0.485,1.6,0.0
15.78,0.492,1.6,0.0
15.8,0.499,1.6,0.0
15.82,0.506,1.6,0.0
15.84,0.513,1.6,0.0
15.86,0.52,1.6,0.0
15.88,0.529,1.6,0.0
15.9,0.536,1.6,0.0
15.92,0.543,1.6,0.0
15.94,0.552,1.6,0.0
15.96,0.559,1.6,0.0
15.98,0.567,1.6,0.0
16.0,0.574,1.6,0.0
16.02,0.581,1.6,0.0
16.04,0.59,1.6,0.0
16.06,0.597,1.6,0.0
16.08,0.602,1.6,0.0
16.1,0.609,1.6,0.0
16.12,0.614,1.6,0.0
16.14,0.621,1.6,0.0
16.16,0.627,1.6,0.0
16.18,0.63,1.6,0.0
16.2,0.635,1.6,0.0
16.22,0.639,1.6,0.0
16.24,0.641,1.6,0.0
16.26,0.644,1.6,0.0
16.28,0.646,1.6,0.0
16.3,0.648,1.6,0.0
16.32,0.648,1.6,0.0
16.34,0.648,1.6,0.0
16.36,0.648,1.6,0.0
16.38,0.646,1.6,0.0
16.4,0.646,1.6,0.0
16.42,0.642,1.6,0.0
16.44,0.641,1.6,0.0
16.46,0.637,1.6,0.0
16.48,0.634,1.6,0.0
16.5,0.63,1.6,0.0
16.52,0.625,1.6,0.0
16.54,0.621,1.6,0.0
16.56,0.614,1.6,0.0
16.58,0.609,1.6,0.0
16.6,0.604,1.6,0.0
16.62,0.597,1.6,0.0
16.64,0.592,1.6,0.0
16.66,0.585,1.6,0.0
16.68,0.578,1.6,0.0
16.7,0.571,1.6,0.0
16.72,0.564,1.6,0.0
16.74,0.557,1.6,0.0
16.76,0.55,1.6,0.0
16.78,0.543,1.6,0.0
16.8,0.536,1.6,0.0
16.82,0.531,1.6,0.0
16.84,0.524,1.6,0.0
16.86,0.517,1.6,0.0
16.88,0.511,1.6,0.0
16.9,0.506,1.6,0.0
16.92,0.501,1.6,0.0
16.94,0.496,1.6,0.0
16.96,0.492,1.6,0.0
16.98,0.487,1.6,0.0
17.0,0.483,1.6,0.0
17.02,0.482,1.6,0.0
17.04,0.478,1.6,0.0
17.06,0.476,1.6,0.0
17.08,0.475,1.6,0.0
17.1,0.475,1.6,0.0
17.12,0.473,1.6,0.0
17.14,0.473,1.6,0.0
17.16,0.475,1.6,0.0
17.18,0.475,1.6,0.0
17.2,0.476,1.6,0.0
17.22,0.48,1.6,0.0
17.24,0.482,1.6,0.0
17.26,0.485,1.6,0.0
17.28,0.489,1.6,0.0
17.3,0.492,1.6,0.0
17.32,0.497,1.6,0.0
17.34,0.503,1.6,0.0
17.36,0.506,1.6,0.0
17.38,0.513,1.6,0.0
17.4,0.518,1.6,0.0
17.42,0.524,1.6,0.0
17.44,0.531,1.6,0.0
17.46,0.536,1.6,0.0
17.48,0.543,1.6,0.0
17.5,0.548,1.6,0.0
17.52,0.555,1.6,0.0
17.54,0.562,1.6,0.0
17.56,0.567,1.6,0.0
17.58,0.574,1.6,0.0
17.6,0.579,1.6,0.0
17.62,0.585,1.6,0.0
17.64,0.59,1.6,0.0
17.66,0.595,1.6,0.0
17.68,0.6,1.6,0.0
17.7,0.606,1.6,0.0
17.72,0.611,1.6,0.0
17.74,0.614,1.6,0.0
17.76,0.618,1.6,0.0
17.78,0.621,1.6,0.0
17.8,0.623,1.6,0.0
17.82,0.627,1.6,0.0
17.84,0.628,1.6,0.0
17.86,0.63,1.6,0.0
17.88,0.63,1.6,0.0
17.9,0.63,1.6,0.0
17.92,0.63,1.6,0.0
17.94,0.63,1.6,0.0
17.96,0.63,1.6,0.0
17.98,0.628,1.6,0.0
18.0,0.627,1.6,0.0
18.02,0.625,1.6,0.0
18.04,0.621,1.6,0.0
18.06,0.618,1.6,0.0
18.08,0.614,1.6,0.0
18.1,0.611,1.6,0.0
18.12,0.607,1.6,0.0
18.14,0.602,1.6,0.0
18.16,0.599,1.6,0.0
18.18,0.593,1.6,0.0
18.2,0.588,1.6,0.0
18.22,0.583,1.6,0.0
18.24,0.578,1.6,0.0
18.26,0.571,1.6,0.0
18.28,0.565,1.6,0.0
18.3,0.56,1.6,0.0
18.32,0.555,1.6,0.0
18.34,0.548,1.6,0.0
18.36,0.543,1.6,0.0
18.38,0.538,1.6,0.0
18.4,0.532,1.6,0.0
18.42,0.527,1.6,0.0
18.44,0.522,1.6,0.0
18.46,0.517,1.6,0.0
18.48,0.511,1.6,0.0
18.5,0.508,1.6,0.0
18.52,0.504,1.6,0.0
18.54,0.501,1.6,0.0
18.56,0.497,1.6,0.0
18.58,0.494,1.6,0.0
18.6,0.492,1.6,0.0
18.62,0.49,1.6,0.0
18.64,0.489,1.6,0.0
18.66,0.487,1.6,0.0
18.68,0.485,1.6,0.0
18.7,0.485,1.6,0.0
18.72,0.485,1.6,0.0
18.74,0.487,1.6,0.0
18.76,0.487,1.6,0.0
18.78,0.489,1.6,0.0
18.8,0.49,1.6,0.0
18.82,0.492,1.6,0.0
18.84,0.496,1.6,0.0
18.86,0.497,1.6,0.0
18.88,0.501,1.6,0.0
18.9,0.504,1.6,0.0
18.92,0.508,1.6,0.0
18.94,0.513,1.6,0.0
18.96,0.517,1.6,0.0
18.98,0.522,1.6,0.0
19.0,0.527,1.6,0.0
19.02,0.531,1.6,0.0
19.04,0.536,1.6,0.0
19.06,0.541,1.6,0.0
19.08,0.546,1.6,0.0
19.1,0.552,1.6,0.0
19.12,0.557,1.6,0.0
19.14,0.562,1.6,0.0
19.16,0.567,1.6,0.0
19.18,0.571,1.6,0.0
19.2,0.576,1.6,0.0
19.22,0.581,1.6,0.0
19.24,0.585,1.6,0.0
19.26,0.59,1.6,0.0
19.28,0.593,1.6,0.0
19.3,0.597,1.6,0.0
19.32,0.6,1.6,0.0
19.34,0.602,1.6,0.0
19.36,0.606,1.6,0.0
19.38,0.607,1.6,0.0
19.4,0.609,1.6,0.0
19.42,0.611,1.6,0.0
19.44,0.613,1.6,0.0
19.46,0.614,1.6,0.0
19.48,0.614,1.6,0.0
19.5,0.614,1.6,0.0
19.52,0.614,1.6,0.0
19.54,0.613,1.6,0.0
19.56,0.613,1.6,0.0
19.58,0.611,1.6,0.0
19.6,0.609,1.6,0.0
19.62,0.607,1.6,0.0
19.64,0.604,1.6,0.0
19.66,0.602,1.6,0.0
19.68,0.599,1.6,0.0
19.7,0.595,1.6,0.0
19.72,0.592,1.6,0.0
19.74,0.588,1.6,0.0
19.76,0.583,1.6,0.0
19.78,0.579,1.6,0.0
19.8,0.574,1.6,0.0
19.82,0.571,1.6,0.0
19.84,0.565,1.6,0.0
19.86,0.56,1.6,0.0
19.88,0.557,1.6,0.0
19.9,0.552,1.6,0.0
19.92,0.546,1.6,0.0
19.94,0.541,1.6,0.0
19.96,0.538,1.6,0.0
19.98,0.532,1.6,0.0
20.0,0.529,1.6,0.0
20.02,0.524,1.6,0.0
20.04,0.52,1.6,0.0
20.06,0.517,1.6,0.0
20.08,0.513,1.6,0.0
20.1,0.51,1.6,0.0
20.12,0.506,1.6,0.0
20.14,0.503,1.6,0.0
20.16,0.501,1.6,0.0
20.18,0.499,1.6,0.0
20.2,0.497,1.6,0.0
20.22,0.496,1.6,0.0
20.24,0.494,1.6,0.0
20.26,0.494,1.6,0.0
20.28,0.494,1.6,0.0
20.3,0.494,1.6,0.0
20.32,0.494,1.6,0.0
20.34,0.494,1.6,0.0
20.36,0.496,1.6,0.0
20.38,0.497,1.6,0.0
20.4,0.499,1.6,0.0
20.42,0.501,1.6,0.0
20.44,0.503,1.6,0.0
20.46,0.506,1.6,0.0
20.48,0.508,1.6,0.0
20.5,0.511,1.6,0.0
20.52,0.515,1.6,0.0
20.54,0.518,1.6,0.0
20.56,0.522,1.6,0.0
20.58,0.525,1.6,0.0
20.6,0.531,1.6,0.0
20.62,0.534,1.6,0.0
20.64,0.538,1.6,0.0
20.66,0.543,1.6,0.0
20.68,0.546,1.6,0.0
20.7,0.552,1.6,0.0
20.72,0.555,1.6,0.0
20.74,0.559,1.6,0.0
20.76,0.564,1.6,0.0
20.78,0.567,1.6,0.0
20.8,0.571,1.6,0.0
20.82,0.574,1.6,0.0
20.84,0.578,1.6,0.0
20.86,0.581,1.6,0.0
20.88,0.585,1.6,0.0
20.9,0.588,1.6,0.0
20.92,0.59,1.6,0.0
20.94,0.592,1.6,0.0
20.96,0.595,1.6,0.0
20.98,0.597,1.6,0.0
21.0,0.597,1.6,0.0
21.02,0.599,1.6,0.0
21.04,0.6,1.6,0.0
21.06,0.6,1.6,0.0
21.08,0.6,1.6,0.0
21.1,0.6,1.6,0.0
21.12,0.6,1.6,0.0
21.14,0.6,1.6,0.0
21.16,0.599,1.6,0.0
21.18,0.597,1.6,0.0
21.2,0.597,1.6,0.0
21.22,0.595,1.6,0.0
21.24,0.592,1.6,0.0
21.26,0.59,1.6,0.0
21.28,0.588,1.6,0.0
21.3,0.585,1.6,0.0
21.32,0.583,1.6,0.0
21.34,0.579,1.6,0.0
21.36,0.576,1.6,0.0
21.38,0.572,1.6,0.0
21.4,0.569,1.6,0.0
21.42,0.565,1.6,0.0
21.44,0.562,1.6,0.0
21.46,0.559,1.6,0.0
21.48,0.555,1.6,0.0
21.5,0.552,1.6,0.0
21.52,0.548,1.6,0.0
21.54,0.545,1.6,0.0
21.56,0.541,1.6,0.0
21.58,0.538,1.6,0.0
21.6,0.534,1.6,0.0
21.62,0.532,1.6,0.0
21.64,0.529,1.6,0.0
21.66,0.525,1.6,0.0
21.68,0.524,1.6,0.0
21.7,0.522,1.6,0.0
21.72,0.518,1.6,0.0
21.74,0.517,1.6,0.0
21.76,0.515,1.6,0.0
21.78,0.515,1.6,0.0
21.8,0.513,1.6,0.0
21.82,0.511,1.6,0.0
21.84,0.511,1.6,0.0
21.86,0.511,1.6,0.0
21.88,0.511,1.6,0.0
21.9,0.511,1.6,0.0
21.92,0.511,1.6,0.0
21.94,0.513,1.6,0.0
21.96,0.513,1.6,0.0
21.98,0.515,1.6,0.0
22.0,0.517,1.6,0.0
22.02,0.518,1.6,0.0
22.04,0.52,1.6,0.0
22.06,0.522,1.6,0.0
22.08,0.525,1.6,0.0
22.1,0.527,1.6,0.0
22.12,0.531,1.6,0.0
22.14,0.532,1.6,0.0
22.16,0.536,1.6,0.0
22.18,0.539,1.6,0.0
22.2,0.543,1.6,0.0
22.22,0.546,1.6,0.0
22.24,0.548,1.6,0.0
22.26,0.552,1.6,0.0
22.28,0.555,1.6,0.0
22.3,0.559,1.6,0.0
22.32,0.562,1.6,0.0
22.34,0.565,1.6,0.0
22.36,0.567,1.6,0.0
22.38,0.571,1.6,0.0
22.4,0.574,1.6,0.0
22.42,0.576,1.6,0.0
22.44,0.579,1.6,0.0
22.46,0.581,1.6,0.0
22.48,0.583,1.6,0.0
22.5,0.585,1.6,0.0
22.52,0.586,1.6,0.0
22.54,0.588,1.6,0.0
22.56,0.59,1.6,0.0
22.58,0.592,1.6,0.0
22.6,0.592,1.6,0.0
22.62,0.592,1.6,0.0
22.64,0.593,1.6,0.0
22.66,0.593,1.6,0.0
22.68,0.593,1.6,0.0
22.7,0.592,1.6,0.0
22.72,0.592,1.6,0.0
22.74,0.59,1.6,0.0
22.76,0.59,1.6,0.0
22.78,0.588,1.6,0.0
22.8,0.586,1.6,0.0
22.82,0.585,1.6,0.0
22.84,0.583,1.6,0.0
22.86,0.579,1.6,0.0
22.88,0.578,1.6,0.0
22.9,0.576,1.6,0.0
22.92,0.572,1.6,0.0
22.94,0.571,1.6,0.0
22.96,0.567,1.6,0.0
22.98,0.564,1.6,0.0
23.0,0.56,1.6,0.0
23.02,0.559,1.6,0.0
23.04,0.555,1.6,0.0
23.06,0.552,1.6,0.0
23.08,0.548,1.6,0.0
23.1,0.546,1.6,0.0
23.12,0.543,1.6,0.0
23.14,0.539,1.6,0.0
23.16,0.538,1.6,0.0
23.18,0.534,1.6,0.0
23.2,0.532,1.6,0.0
23.22,0.531,1.6,0.0
23.24,0.527,1.6,0.0
23.26,0.525,1.6,0.0
23.28,0.524,1.6,0.0
23.3,0.522,1.6,0.0
23.32,0.52,1.6,0.0
23.34,0.52,1.6,0.0
23.36,0.518,1.6,0.0
23.38,0.518,1.6,0.0
23.4,0.517,1.6,0.0
23.42,0.517,1.6,0.0
23.44,0.517,1.6,0.0
23.46,0.517,1.6,0.0
23.48,0.517,1.6,0.0
23.5,0.518,1.6,0.0
23.52,0.518,1.6,0.0
23.54,0.52,1.6,0.0
23.56,0.52,1.6,0.0
23.58,0.522,1.6,0.0
23.6,0.524,1.6,0.0
23.62,0.525,1.6,0.0
23.64,0.527,1.6,0.0
23.66,0.531,1.6,0.0
23.68,0.532,1.6,0.0
23.7,0.534,1.6,0.0
23.72,0.538,1.6,0.0
23.74,0.539,1.6,0.0
23.76,0.543,1.6,0.0
23.78,0.545,1.6,0.0
23.8,0.548,1.6,0.0
23.82,0.552,1.6,0.0
23.84,0.553,1.6,0.0
23.86,0.557,1.6,0.0
23.88,0.559,1.6,0.0
23.9,0.562,1.6,0.0
23.92,0.564,1.6,0.0
23.94,0.567,1.6,0.0
23.96,0.569,1.6,0.0
23.98,0.572,1.6,0.0
24.0,0.574,1.6,0.0
24.02,0.576,1.6,0.0
24.04,0.578,1.6,0.0
24.06,0.579,1.6,0.0
24.08,0.581,1.6,0.0
24.1,0.583,1.6,0.0
24.12,0.585,1.6,0.0
24.14,0.586,1.6,0.0
24.16,0.586,1.6,0.0
24.18,0.588,1.6,0.0
24.2,0.588,1.6,0.0
24.22,0.588,1.6,0.0
24.24,0.588,1.6,0.0
24.26,0.588,1.6,0.0
24.28,0.588,1.6,0.0
24.3,0.588,1.6,0.0
24.32,0.586,1.6,0.0
24.34,0.586,1.6,0.0
24.36,0.585,1.6,0.0
24.38,0.583,1.6,0.0
24.4,0.583,1.6,0.0
24.42,0.581,1.6,0.0
24.44,0.579,1.6,0.0
24.46,0.578,1.6,0.0
24.48,0.574,1.6,0.0
24.5,0.572,1.6,0.0
24.52,0.571,1.6,0.0
24.54,0.569,1.6,0.0
24.56,0.565,1.6,0.0
24.58,0.564,1.6,0.0
24.6,0.56,1.6,0.0
24.62,0.559,1.6,0.0
24.64,0.557,1.6,0.0
24.66,0.553,1.6,0.0
24.68,0.552,1.6,0.0
24.7,0.548,1.6,0.0
24.72,0.546,1.6,0.0
24.74,0.545,1.6,0.0
24.76,0.543,1.6,0.0
24.78,0.539,1.6,0.0
24.8,0.538,1.6,0.0
24.82,0.536,1.6,0.0
24.84,0.534,1.6,0.0
24.86,0.532,1.6,0.0
24.88,0.532,1.6,0.0
24.9,0.531,1.6,0.0
24.92,0.529,1.6,0.0
24.94,0.529,1.6,0.0
24.96,0.527,1.6,0.0
24.98,0.527,1.6,0.0
25.0,0.527,1.6,0.0
25.02,0.527,1.6,0.0
25.04,0.527,1.6,0.0
25.06,0.527,1.6,0.0
25.08,0.527,1.6,0.0
25.1,0.527,1.6,0.0
25.12,0.529,1.6,0.0
25.14,0.529,1.6,0.0
25.16,0.531,1.6,0.0
25.18,0.532,1.6,0.0
25.2,0.532,1.6,0.0
25.22,0.534,1.6,0.0
25.24,0.536,1.6,0.0
25.26,0.538,1.6,0.0
25.28,0.539,1.6,0.0
25.3,0.541,1.6,0.0
25.32,0.545,1.6,0.0
25.34,0.546,1.6,0.0
25.36,0.548,1.6,0.0
25.38,0.55,1.6,0.0
25.4,0.553,1.6,0.0
25.42,0.555,1.6,0.0
25.44,0.557,1.6,0.0
25.46,0.559,1.6,0.0
25.48,0.562,1.6,0.0
25.5,0.564,1.6,0.0
25.52,0.565,1.6,0.0
25.54,0.567,1.6,0.0
25.56,0.569,1.6,0.0
25.58,0.571,1.6,0.0
25.6,0.572,1.6,0.0
25.62,0.574,1.6,0.0
25.64,0.576,1.6,0.0
25.66,0.578,1.6,0.0
25.68,0.579,1.6,0.0
25.7,0.579,1.6,0.0
25.72,0.581,1.6,0.0
25.74,0.583,1.6,0.0
25.76,0.583,1.6,0.0
25.78,0.583,1.6,0.0
25.8,0.583,1.6,0.0
25.82,0.585,1.6,0.0
25.84,0.585,1.6,0.0
25.86,0.583,1.6,0.0
25.88,0.583,1.6,0.0
25.9,0.583,1.6,0.0
25.92,0.583,1.6,0.0
25.94,0.581,1.6,0.0
25.96,0.581,1.6,0.0
25.98,0.579,1.6,0.0
26.0,0.578,1.6,0.0
26.02,0.578,1.6,0.0
26.04,0.576,1.6,0.0
26.06,0.574,1.6,0.0
26.08,0.572,1.6,0.0
26.1,0.571,1.6,0.0
26.12,0.569,1.6,0.0
26.14,0.567,1.6,0.0
26.16,0.565,1.6,0.0
26.18,0.564,1.6,0.0
26.2,0.562,1.6,0.0
26.22,0.56,1.6,0.0
26.24,0.559,1.6,0.0
26.26,0.557,1.6,0.0
26.28,0.555,1.6,0.0
26.3,0.553,1.6,0.0
26.32,0.552,1.6,0.0
26.34,0.55,1.6,0.0
26.36,0.548,1.6,0.0
26.38,0.546,1.6,0.0
26.4,0.545,1.6,0.0
26.42,0.543,1.6,0.0
26.44,0.543,1.6,0.0
26.46,0.541,1.6,0.0
26.48,0.539,1.6,0.0
26.5,0.539,1.6,0.0
26.52,0.538,1.6,0.0
26.54,0.538,1.6,0.0
26.56,0.538,1.6,0.0
26.58,0.538,1.6,0.0
26.6,0.536,1.6,0.0
26.62,0.536,1.6,0.0
26.64,0.536,1.6,0.0
26.66,0.536,1.6,0.0
26.68,0.538,1.6,0.0
26.7,0.538,1.6,0.0
26.72,0.538,1.6,0.0
26.74,0.539,1.6,0.0
26.76,0.539,1.6,0.0
26.78,0.541,1.6,0.0
26.8,0.541,1.6,0.0
26.82,0.543,1.6,0.0
26.84,0.545,1.6,0.0
26.86,0.545,1.6,0.0
26.88,0.546,1.6,0.0
26.9,0.548,1.6,0.0
26.92,0.55,1.6,0.0
26.94,0.552,1.6,0.0
26.96,0.553,1.6,0.0
26.98,0.555,1.6,0.0
27.0,0.557,1.6,0.0
27.02,0.559,1.6,0.0
27.04,0.56,1.6,0.0
27.06,0.562,1.6,0.0
27.08,0.562,1.6,0.0
27.1,0.564,1.6,0.0
27.12,0.565,1.6,0.0
27.14,0.567,1.6,0.0
27.16,0.569,1.6,0.0
27.18,0.569,1.6,0.0
27.2,0.571,1.6,0.0
27.22,0.572,1.6,0.0
27.24,0.572,1.6,0.0
27.26,0.574,1.6,0.0
27.28,0.574,1.6,0.0
27.3,0.576,1.6,0.0
27.32,0.576,1.6,0.0
27.34,0.576,1.6,0.0
27.36,0.576,1.6,0.0
27.38,0.578,1.6,0.0
27.4,0.578,1.6,0.0
27.42,0.578,1.6,0.0
27.44,0.576,1.6,0.0
27.46,0.576,1.6,0.0
27.48,0.576,1.6,0.0
27.5,0.576,1.6,0.0
27.52,0.574,1.6,0.0
27.54,0.574,1.6,0.0
27.56,0.572,1.6,0.0
27.58,0.572,1.6,0.0
27.6,0.571,1.6,0.0
27.62,0.571,1.6,0.0
27.64,0.569,1.6,0.0
27.66,0.567,1.6,0.0
27.68,0.565,1.6,0.0
27.7,0.565,1.6,0.0
27.72,0.564,1.6,0.0
27.74,0.562,1.6,0.0
27.76,0.56,1.6,0.0
27.78,0.559,1.6,0.0
27.8,0.557,1.6,0.0
27.82,0.555,1.6,0.0
27.84,0.555,1.6,0.0
27.86,0.553,1.6,0.0
27.88,0.552,1.6,0.0
27.9,0.55,1.6,0.0
27.92,0.548,1.6,0.0
27.94,0.548,1.6,0.0
27.96,0.546,1.6,0.0
27.98,0.545,1.6,0.0
28.0,0.545,1.6,0.0
28.02,0.543,1.6,0.0
28.04,0.543,1.6,0.0
28.06,0.541,1.6,0.0
28.08,0.541,1.6,0.0
28.1,0.541,1.6,0.0
28.12,0.541,1.6,0.0
28.14,0.539,1.6,0.0
28.16,0.539,1.6,0.0
28.18,0.539,1.6,0.0
28.2,0.539,1.6,0.0
28.22,0.539,1.6,0.0
28.24,0.541,1.6,0.0
28.26,0.541,1.6,0.0
28.28,0.541,1.6,0.0
28.3,0.541,1.6,0.0
28.32,0.543,1.6,0.0
28.34,0.543,1.6,0.0
28.36,0.545,1.6,0.0
28.38,0.545,1.6,0.0
28.4,0.546,1.6,0.0
28.42,0.546,1.6,0.0
28.44,0.548,1.6,0.0
28.46,0.55,1.6,0.0
28.48,0.552,1.6,0.0
28.5,0.552,1.6,0.0
28.52,0.553,1.6,0.0
28.54,0.555,1.6,0.0
28.56,0.557,1.6,0.0
28.58,0.557,1.6,0.0
28.6,0.559,1.6,0.0
28.62,0.56,1.6,0.0
28.64,0.562,1.6,0.0
28.66,0.562,1.6,0.0
28.68,0.564,1.6,0.0
28.7,0.565,1.6,0.0
28.72,0.565,1.6,0.0
28.74,0.567,1.6,0.0
28.76,0.567,1.6,0.0
28.78,0.569,1.6,0.0
28.8,0.569,1.6,0.0
28.82,0.571,1.6,0.0
28.84,0.571,1.6,0.0
28.86,0.571,1.6,0.0
28.88,0.572,1.6,0.0
28.9,0.572,1.6,0.0
28.92,0.572,1.6,0.0
28.94,0.572,1.6,0.0
28.96,0.572,1.6,0.0
28.98,0.572,1.6,0.0
29.0,0.572,1.6,0.0
29.02,0.572,1.6,0.0
29.04,0.572,1.6,0.0
29.06,0.572,1.6,0.0
29.08,0.572,1.6,0.0
29.1,0.571,1.6,0.0
29.12,0.571,1.6,0.0
29.14,0.569,1.6,0.0
29.16,0.569,1.6,0.0
29.18,0.567,1.6,0.0
29.2,0.567,1.6,0.0
29.22,0.565,1.6,0.0
29.24,0.565,1.6,0.0
29.26,0.564,1.6,0.0
29.28,0.564,1.6,0.0
29.3,0.562,1.6,0.0
29.32,0.56,1.6,0.0
29.34,0.56,1.6,0.0
29.36,0.559,1.6,0.0
29.38,0.557,1.6,0.0
29.4,0.557,1.6,0.0
29.42,0.555,1.6,0.0
29.44,0.553,1.6,0.0
29.46,0.553,1.6,0.0
29.48,0.552,1.6,0.0
29.5,0.55,1.6,0.0
29.52,0.55,1.6,0.0
29.54,0.548,1.6,0.0
29.56,0.548,1.6,0.0
29.58,0.546,1.6,0.0
29.6,0.546,1.6,0.0
29.62,0.546,1.6,0.0
29.64,0.545,1.6,0.0
29.66,0.545,1.6,0.0
29.68,0.545,1.6,0.0
29.7,0.543,1.6,0.0
29.72,0.543,1.6,0.0
29.74,0.543,1.6,0.0
29.76,0.543,1.6,0.0
29.78,0.543,1.6,0.0
29.8,0.543,1.6,0.0
29.82,0.543,1.6,0.0
29.84,0.543,1.6,0.0
29.86,0.543,1.6,0.0
29.88,0.545,1.6,0.0
29.9,0.545,1.6,0.0
29.92,0.545,1.6,0.0
29.94,0.546,1.6,0.0
29.96,0.546,1.6,0.0
29.98,0.546,1.6,0.0
30.0,0.548,1.6,0.0
30.02,0.548,1.6,0.0
30.04,0.55,1.6,0.0
30.06,0.55,1.6,0.0
30.08,0.552,1.6,0.0
30.1,0.552,1.6,0.0
30.12,0.553,1.6,0.0
30.14,0.553,1.6,0.0
30.16,0.555,1.6,0.0
30.18,0.555,1.6,0.0
30.2,0.557,1.6,0.0
30.22,0.559,1.6,0.0
30.24,0.559,1.6,0.0
30.26,0.56,1.6,0.0
30.28,0.56,1.6,0.0
30.3,0.562,1.6,0.0
30.32,0.562,1.6,0.0
30.34,0.562,1.6,0.0
30.36,0.564,1.6,0.0
30.38,0.564,1.6,0.0
30.4,0.565,1.6,0.0
30.42,0.565,1.6,0.0
30.44,0.565,1.6,0.0
30.46,0.565,1.6,0.0
30.48,0.567,1.6,0.0
30.5,0.567,1.6,0.0
30.52,0.567,1.6,0.0
30.54,0.567,1.6,0.0
30.56,0.567,1.6,0.0
30.58,0.567,1.6,0.0
30.6,0.567,1.6,0.0
30.62,0.567,1.6,0.0
30.64,0.567,1.6,0.0
30.66,0.567,1.6,0.0
30.68,0.567,1.6,0.0
30.7,0.567,1.6,0.0
30.72,0.565,1.6,0.0
30.74,0.565,1.6,0.0
30.76,0.565,1.6,0.0
30.78,0.565,1.6,0.0
30.8,0.564,1.6,0.0
30.82,0.564,1.6,0.0
30.84,0.564,1.6,0.0
30.86,0.562,1.6,0.0
30.88,0.562,1.6,0.0
30.9,0.562,1.6,0.0
30.92,0.56,1.6,0.0
30.94,0.56,1.6,0.0
30.96,0.559,1.6,0.0
30.98,0.559,1.6,0.0
31.0,0.559,1.6,0.0
31.02,0.557,1.6,0.0
31.04,0.557,1.6,0.0
31.06,0.555,1.6,0.0
31.08,0.555,1.6,0.0
31.1,0.553,1.6,0.0
31.12,0.553,1.6,0.0
31.14,0.553,1.6,0.0
31.16,0.552,1.6,0.0
31.18,0.552,1.6,0.0
31.2,0.552,1.6,0.0
31.22,0.552,1.6,0.0
31.24,0.55,1.6,0.0
31.26,0.55,1.6,0.0
31.28,0.55,1.6,0.0
31.3,0.55,1.6,0.0
31.32,0.55,1.6,0.0
31.34,0.55,1.6,0.0
31.36,0.548,1.6,0.0
31.38,0.548,1.6,0.0
31.4,0.548,1.6,0.0
31.42,0.548,1.6,0.0
31.44,0.55,1.6,0.0
31.46,0.55,1.6,0.0
31.48,0.55,1.6,0.0
31.5,0.55,1.6,0.0
31.52,0.55,1.6,0.0
31.54,0.552,1.6,0.0
31.56,0.552,1.6,0.0
31.58,0.552,1.6,0.0
31.6,0.552,1.6,0.0
31.62,0.553,1.6,0.0
31.64,0.553,1.6,0.0
31.66,0.555,1.6,0.0
31.68,0.555,1.6,0.0
31.7,0.555,1.6,0.0
31.72,0.557,1.6,0.0
31.74,0.557,1.6,0.0
31.76,0.557,1.6,0.0
31.78,0.559,1.6,0.0
31.8,0.559,1.6,0.0
31.82,0.56,1.6,0.0
31.84,0.56,1.6,0.0
31.86,0.56,1.6,0.0
31.88,0.562,1.6,0.0
31.9,0.562,1.6,0.0
31.92,0.562,1.6,0.0
31.94,0.564,1.6,0.0
31.96,0.564,1.6,0.0
31.98,0.564,1.6,0.0
32.0,0.564,1.6,0.0
32.02,0.564,1.6,0.0
32.04,0.565,1.6,0.0
32.06,0.565,1.6,0.0
32.08,0.565,1.6,0.0
32.1,0.565,1.6,0.0
32.12,0.565,1.6,0.0
32.14,0.565,1.6,0.0
32.16,0.565,1.6,0.0
32.18,0.565,1.6,0.0
32.2,0.565,1.6,0.0
32.22,0.564,1.6,0.0
32.24,0.564,1.6,0.0
32.26,0.564,1.6,0.0
32.28,0.564,1.6,0.0
32.3,0.564,1.6,0.0
32.32,0.562,1.6,0.0
32.34,0.562,1.6,0.0
32.36,0.562,1.6,0.0
32.38,0.562,1.6,0.0
32.4,0.56,1.6,0.0
32.42,0.56,1.6,0.0
32.44,0.56,1.6,0.0
32.46,0.559,1.6,0.0
32.48,0.559,1.6,0.0
32.5,0.559,1.6,0.0
32.52,0.557,1.6,0.0
32.54,0.557,1.6,0.0
32.56,0.557,1.6,0.0
32.58,0.555,1.6,0.0
32.6,0.555,1.6,0.0
32.62,0.555,1.6,0.0
32.64,0.553,1.6,0.0
32.66,0.553,1.6,0.0
32.68,0.553,1.6,0.0
32.7,0.552,1.6,0.0
32.72,0.552,1.6,0.0
32.74,0.552,1.6,0.0
32.76,0.552,1.6,0.0
32.78,0.55,1.6,0.0
32.8,0.55,1.6,0.0
32.82,0.55,1.6,0.0
32.84,0.55,1.6,0.0
32.86,0.55,1.6,0.0
32.88,0.55,1.6,0.0
32.9,0.55,1.6,0.0
32.92,0.55,1.6,0.0
32.94,0.55,1.6,0.0
32.96,0.55,1.6,0.0
32.98,0.55,1.6,0.0
33.0,0.55,1.6,0.0
33.02,0.55,1.6,0.0
33.04,0.55,1.6,0.0
33.06,0.55,1.6,0.0
33.08,0.552,1.6,0.0
33.1,0.552,1.6,0.0
33.12,0.552,1.6,0.0
33.14,0.552,1.6,0.0
33.16,0.553,1.6,0.0
33.18,0.553,1.6,0.0
33.2,0.553,1.6,0.0
33.22,0.553,1.6,0.0
33.24,0.555,1.6,0.0
33.26,0.555,1.6,0.0
33.28,0.555,1.6,0.0
33.3,0.557,1.6,0.0
33.32,0.557,1.6,0.0
33.34,0.557,1.6,0.0
33.36,0.557,1.6,0.0
33.38,0.559,1.6,0.0
33.4,0.559,1.6,0.0
33.42,0.559,1.6,0.0
33.44,0.56,1.6,0.0
33.46,0.56,1.6,0.0
33.48,0.56,1.6,0.0
33.5,0.56,1.6,0.0
33.52,0.56,1.6,0.0
33.54,0.562,1.6,0.0
33.56,0.562,1.6,0.0
33.58,0.562,1.6,0.0
33.6,0.562,1.6,0.0
33.62,0.562,1.6,0.0
33.64,0.562,1.6,0.0
33.66,0.562,1.6,0.0
33.68,0.562,1.6,0.0
33.7,0.564,1.6,0.0
33.72,0.564,1.6,0.0
33.74,0.564,1.6,0.0
33.76,0.564,1.6,0.0
33.78,0.562,1.6,0.0
33.8,0.562,1.6,0.0
33.82,0.562,1.6,0.0
33.84,0.562,1.6,0.0
33.86,0.562,1.6,0.0
33.88,0.562,1.6,0.0
33.9,0.562,1.6,0.0
33.92,0.562,1.6,0.0
33.94,0.56,1.6,0.0
33.96,0.56,1.6,0.0
33.98,0.56,1.6,0.0
34.0,0.56,1.6,0.0
34.02,0.56,1.6,0.0
34.04,0.559,1.6,0.0
34.06,0.559,1.6,0.0
34.08,0.559,1.6,0.0
34.1,0.559,1.6,0.0
34.12,0.557,1.6,0.0
34.14,0.557,1.6,0.0
34.16,0.557,1.6,0.0
34.18,0.557,1.6,0.0
34.2,0.555,1.6,0.0
34.22,0.555,1.6,0.0
34.24,0.555,1.6,0.0
34.26,0.555,1.6,0.0
34.28,0.555,1.6,0.0
34.3,0.553,1.6,0.0
34.32,0.553,1.6,0.0
34.34,0.553,1.6,0.0
34.36,0.553,1.6,0.0
34.38,0.553,1.6,0.0
34.4,0.553,1.6,0.0
34.42,0.552,1.6,0.0
34.44,0.552,1.6,0.0
34.46,0.552,1.6,0.0
34.48,0.552,1.6,0.0
34.5,0.552,1.6,0.0
34.52,0.552,1.6,0.0
34.54,0.552,1.6,0.0
34.56,0.552,1.6,0.0
34.58,0.552,1.6,0.0
34.6,0.552,1.6,0.0
34.62,0.552,1.6,0.0
34.64,0.553,1.6,0.0
34.66,0.553,1.6,0.0
34.68,0.553,1.6,0.0
34.7,0.553,1.6,0.0
34.72,0.553,1.6,0.0
34.74,0.553,1.6,0.0
34.76,0.555,1.6,0.0
34.78,0.555,1.6,0.0
34.8,0.555,1.6,0.0
34.82,0.555,1.6,0.0
34.84,0.557,1.6,0.0
34.86,0.557,1.6,0.0
34.88,0.557,1.6,0.0
34.9,0.557,1.6,0.0
34.92,0.559,1.6,0.0
34.94,0.559,1.6,0.0
34.96,0.559,1.6,0.0
34.98,0.56,1.6,0.0
35.0,0.56,1.6,0.0
35.02,0.56,1.6,0.0
35.04,0.56,1.6,0.0
35.06,0.56,1.6,0.0
35.08,0.562,1.6,0.0
35.1,0.562,1.6,0.0
35.12,0.562,1.6,0.0
35.14,0.562,1.6,0.0
35.16,0.562,1.6,0.0
35.18,0.562,1.6,0.0
35.2,0.562,1.6,0.0
35.22,0.564,1.6,0.0
35.24,0.564,1.6,0.0
35.26,0.564,1.6,0.0
35.28,0.564,1.6,0.0
35.3,0.564,1.6,0.0
35.32,0.562,1.6,0.0
35.34,0.562,1.6,0.0
35.36,0.562,1.6,0.0
35.38,0.562,1.6,0.0
35.4,0.562,1.6,0.0
35.42,0.562,1.6,0.0
35.44,0.562,1.6,0.0
35.46,0.562,1.6,0.0
35.48,0.56,1.6,0.0
35.5,0.56,1.6,0.0
35.52,0.56,1.6,0.0
35.54,0.56,1.6,0.0
35.56,0.559,1.6,0.0
35.58,0.559,1.6,0.0
35.6,0.559,1.6,0.0
35.62,0.559,1.6,0.0
35.64,0.557,1.6,0.0
35.66,0.557,1.6,0.0
35.68,0.557,1.6,0.0
35.7,0.557,1.6,0.0
35.72,0.557,1.6,0.0
35.74,0.555,1.6,0.0
35.76,0.555,1.6,0.0
35.78,0.555,1.6,0.0
35.8,0.555,1.6,0.0
35.82,0.555,1.6,0.0
35.84,0.555,1.6,0.0
35.86,0.555,1.6,0.0
35.88,0.555,1.6,0.0
35.9,0.553,1.6,0.0
35.92,0.553,1.6,0.0
35.94,0.553,1.6,0.0
35.96,0.553,1.6,0.0
35.98,0.553,1.6,0.0
36.0,0.553,1.6,0.0
36.02,0.553,1.6,0.0
36.04,0.553,1.6,0.0
36.06,0.553,1.6,0.0
36.08,0.555,1.6,0.0
36.1,0.555,1.6,0.0
36.12,0.555,1.6,0.0
36.14,0.555,1.6,0.0
36.16,0.555,1.6,0.0
36.18,0.555,1.6,0.0
36.2,0.555,1.6,0.0
36.22,0.555,1.6,0.0
36.24,0.555,1.6,0.0
36.26,0.557,1.6,0.0
36.28,0.557,1.6,0.0
36.3,0.557,1.6,0.0
36.32,0.557,1.6,0.0
36.34,0.557,1.6,0.0
36.36,0.557,1.6,0.0
36.38,0.559,1.6,0.0
36.4,0.559,1.6,0.0
36.42,0.559,1.6,0.0
36.44,0.559,1.6,0.0
36.46,0.559,1.6,0.0
36.48,0.559,1.6,0.0
36.5,0.56,1.6,0.0
36.52,0.56,1.6,0.0
36.54,0.56,1.6,0.0
36.56,0.56,1.6,0.0
36.58,0.56,1.6,0.0
36.6,0.56,1.6,0.0
36.62,0.56,1.6,0.0
36.64,0.56,1.6,0.0
36.66,0.56,1.6,0.0
36.68,0.56,1.6,0.0
36.7,0.56,1.6,0.0
36.72,0.56,1.6,0.0
36.74,0.56,1.6,0.0
36.76,0.56,1.6,0.0
36.78,0.56,1.6,0.0
36.8,0.56,1.6,0.0
36.82,0.56,1.6,0.0
36.84,0.56,1.6,0.0
36.86,0.56,1.6,0.0
36.88,0.56,1.6,0.0
36.9,0.56,1.6,0.0
36.92,0.56,1.6,0.0
36.94,0.559,1.6,0.0
36.96,0.559,1.6,0.0
36.98,0.559,1.6,0.0
37.0,0.559,1.6,0.0
37.02,0.559,1.6,0.0
37.04,0.557,1.6,0.0
37.06,0.557,1.6,0.0
37.08,0.557,1.6,0.0
37.1,0.557,1.6,0.0
37.12,0.557,1.6,0.0
37.14,0.557,1.6,0.0
37.16,0.555,1.6,0.0
37.18,0.555,1.6,0.0
37.2,0.555,1.6,0.0
37.22,0.555,1.6,0.0
37.24,0.555,1.6,0.0
37.26,0.555,1.6,0.0
37.28,0.553,1.6,0.0
37.3,0.553,1.6,0.0
37.32,0.553,1.6,0.0
37.34,0.553,1.6,0.0
37.36,0.553,1.6,0.0
37.38,0.553,1.6,0.0
37.4,0.553,1.6,0.0
37.42,0.553,1.6,0.0
37.44,0.553,1.6,0.0
37.46,0.553,1.6,0.0
37.48,0.553,1.6,0.0
37.5,0.553,1.6,0.0
37.52,0.553,1.6,0.0
37.54,0.553,1.6,0.0
37.56,0.553,1.6,0.0
37.58,0.553,1.6,0.0
37.6,0.555,1.6,0.0
37.62,0.555,1.6,0.0
37.64,0.555,1.6,0.0
37.66,0.555,1.6,0.0
37.68,0.555,1.6,0.0
37.7,0.555,1.6,0.0
37.72,0.555,1.6,0.0
37.74,0.555,1.6,0.0
37.76,0.557,1.6,0.0
37.78,0.557,1.6,0.0
37.8,0.557,1.6,0.0
37.82,0.557,1.6,0.0
37.84,0.557,1.6,0.0
37.86,0.557,1.6,0.0
37.88,0.557,1.6,0.0
37.9,0.557,1.6,0.0
37.92,0.557,1.6,0.0
37.94,0.557,1.6,0.0
37.96,0.559,1.6,0.0
37.98,0.559,1.6,0.0
38.0,0.559,1.6,0.0
38.02,0.559,1.6,0.0
38.04,0.559,1.6,0.0
38.06,0.559,1.6,0.0
38.08,0.559,1.6,0.0
38.1,0.559,1.6,0.0
38.12,0.559,1.6,0.0
38.14,0.559,1.6,0.0
38.16,0.559,1.6,0.0
38.18,0.559,1.6,0.0
38.2,0.559,1.6,0.0
38.22,0.557,1.6,0.0
38.24,0.557,1.6,0.0
38.26,0.557,1.6,0.0
38.28,0.557,1.6,0.0
38.3,0.557,1.6,0.0
38.32,0.557,1.6,0.0
38.34,0.557,1.6,0.0
38.36,0.557,1.6,0.0
38.38,0.557,1.6,0.0
38.4,0.557,1.6,0.0
38.42,0.557,1.6,0.0
38.44,0.557,1.6,0.0
38.46,0.557,1.6,0.0
38.48,0.555,1.6,0.0
38.5,0.555,1.6,0.0
38.52,0.555,1.6,0.0
38.54,0.555,1.6,0.0
38.56,0.555,1.6,0.0
38.58,0.555,1.6,0.0
38.6,0.555,1.6,0.0
38.62,0.555,1.6,0.0
38.64,0.555,1.6,0.0
38.66,0.555,1.6,0.0
38.68,0.555,1.6,0.0
38.7,0.555,1.6,0.0
38.72,0.555,1.6,0.0
38.74,0.555,1.6,0.0
38.76,0.553,1.6,0.0
38.78,0.553,1.6,0.0
38.8,0.553,1.6,0.0
38.82,0.553,1.6,0.0
38.84,0.553,1.6,0.0
38.86,0.553,1.6,0.0
38.88,0.553,1.6,0.0
38.9,0.553,1.6,0.0
38.92,0.553,1.6,0.0
38.94,0.553,1.6,0.0
38.96,0.553,1.6,0.0
38.98,0.553,1.6,0.0
39.0,0.555,1.6,0.0
39.02,0.555,1.6,0.0
39.04,0.555,1.6,0.0
39.06,0.555,1.6,0.0
39.08,0.555,1.6,0.0
39.1,0.555,1.6,0.0
39.12,0.555,1.6,0.0
39.14,0.555,1.6,0.0
39.16,0.555,1.6,0.0
39.18,0.555,1.6,0.0
39.2,0.555,1.6,0.0
39.22,0.555,1.6,0.0
39.24,0.555,1.6,0.0
39.26,0.555,1.6,0.0
39.28,0.555,1.6,0.0
39.3,0.555,1.6,0.0
39.32,0.555,1.6,0.0
39.34,0.555,1.6,0.0
39.36,0.555,1.6,0.0
39.38,0.555,1.6,0.0
39.4,0.555,1.6,0.0
39.42,0.555,1.6,0.0
39.44,0.555,1.6,0.0
39.46,0.555,1.6,0.0
39.48,0.555,1.6,0.0
39.5,0.555,1.6,0.0
39.52,0.555,1.6,0.0
39.54,0.555,1.6,0.0
39.56,0.555,1.6,0.0
39.58,0.555,1.6,0.0
39.6,0.555,1.6,0.0
39.62,0.555,1.6,0.0
39.64,0.555,1.6,0.0
39.66,0.555,1.6,0.0
39.68,0.555,1.6,0.0
39.7,0.553,1.6,0.0
39.72,0.553,1.6,0.0
39.74,0.553,1.6,0.0
39.76,0.553,1.6,0.0
39.78,0.553,1.6,0.0
39.8,0.553,1.6,0.0
39.82,0.553,1.6,0.0
39.84,0.553,1.6,0.0
39.86,0.553,1.6,0.0
39.88,0.553,1.6,0.0
39.9,0.553,1.6,0.0
39.92,0.552,1.6,0.0
39.94,0.552,1.6,0.0
39.96,0.552,1.6,0.0
39.98,0.552,1.6,0.0
40.0,0.552,1.6,0.0
40.02,0.552,1.6,0.0
40.04,0.552,1.8,0.2
40.06,0.552,1.8,0.2
40.08,0.552,1.8,0.2
40.1,0.552,1.8,0.2
40.12,0.552,1.8,0.2
40.14,0.553,1.8,0.2
40.16,0.555,1.8,0.2
40.18,0.555,1.8,0.2
40.2,0.557,1.8,0.2
40.22,0.56,1.8,0.2
40.24,0.562,1.8,0.2
40.26,0.565,1.8,0.2
40.28,0.569,1.8,0.2
40.3,0.572,1.8,0.2
40.32,0.576,1.8,0.2
40.34,0.581,1.8,0.2
40.36,0.585,1.8,0.2
40.38,0.59,1.8,0.2
40.4,0.595,1.8,0.2
40.42,0.6,1.8,0.2
40.44,0.606,1.8,0.2
40.46,0.611,1.8,0.2
40.48,0.616,1.8,0.2
40.5,0.621,1.8,0.2
40.52,0.628,1.8,0.2
40.54,0.634,1.8,0.2
40.56,0.639,1.8,0.2
40.58,0.644,1.8,0.2
40.6,0.649,1.8,0.2
40.62,0.654,1.8,0.2
40.64,0.66,1.8,0.2
40.66,0.665,1.8,0.2
40.68,0.67,1.8,0.2
40.7,0.674,1.8,0.2
40.72,0.677,1.8,0.2
40.74,0.682,1.8,0.2
40.76,0.686,1.8,0.2
40.78,0.688,1.8,0.2
40.8,0.691,1.8,0.2
40.82,0.693,1.8,0.2
40.84,0.696,1.8,0.2
40.86,0.696,1.8,0.2
40.88,0.698,1.8,0.2
40.9,0.7,1.8,0.2
40.92,0.7,1.8,0.2
40.94,0.7,1.8,0.2
40.96,0.7,1.8,0.2
40.98,0.698,1.8,0.2
41.0,0.696,1.8,0.2
41.02,0.696,1.8,0.2
41.04,0.693,1.8,0.2
41.06,0.691,1.8,0.2
41.08,0.688,1.8,0.2
41.1,0.686,1.8,0.2
41.12,0.682,1.8,0.2
41.14,0.679,1.8,0.2
41.16,0.674,1.8,0.2
41.18,0.67,1.8,0.2
41.2,0.667,1.8,0.2
41.22,0.661,1.8,0.2
41.24,0.656,1.8,0.2
41.26,0.651,1.8,0.2
41.28,0.648,1.8,0.2
41.3,0.642,1.8,0.2
41.32,0.637,1.8,0.2
41.34,0.632,1.8,0.2
41.36,0.627,1.8,0.2
41.38,0.621,1.8,0.2
41.4,0.616,1.8,0.2
41.42,0.611,1.8,0.2
41.44,0.607,1.8,0.2
41.46,0.602,1.8,0.2
41.48,0.599,1.8,0.2
41.5,0.593,1.8,0.2
41.52,0.59,1.8,0.2
41.54,0.586,1.8,0.2
41.56,0.583,1.8,0.2
41.58,0.581,1.8,0.2
41.6,0.578,1.8,0.2
41.62,0.576,1.8,0.2
41.64,0.574,1.8,0.2
41.66,0.572,1.8,0.2
41.68,0.571,1.8,0.2
41.7,0.571,1.8,0.2
41.72,0.571,1.8,0.2
41.74,0.571,1.8,0.2
41.76,0.571,1.8,0.2
41.78,0.571,1.8,0.2
41.8,0.572,1.8,0.2
41.82,0.574,1.8,0.2
41.84,0.576,1.8,0.2
41.86,0.578,1.8,0.2
41.88,0.581,1.8,0.2
41.9,0.583,1.8,0.2
41.92,0.586,1.8,0.2
41.94,0.59,1.8,0.2
41.96,0.593,1.8,0.2
41.98,0.599,1.8,0.2
42.0,0.602,1.8,0.2
42.02,0.606,1.8,0.2
42.04,0.611,1.8,0.2
42.06,0.616,1.8,0.2
42.08,0.621,1.8,0.2
42.1,0.625,1.8,0.2
42.12,0.63,1.8,0.2
42.14,0.635,1.8,0.2
42.16,0.641,1.8,0.2
42.18,0.646,1.8,0.2
42.2,0.649,1.8,0.2
42.22,0.654,1.8,0.2
42.24,0.658,1.8,0.2
42.26,0.663,1.8,0.2
42.28,0.667,1.8,0.2
42.3,0.67,1.8,0.2
42.32,0.674,1.8,0.2
42.34,0.677,1.8,0.2
42.36,0.681,1.8,0.2
42.38,0.684,1.8,0.2
42.4,0.686,1.8,0.2
42.42,0.688,1.8,0.2
42.44,0.689,1.8,0.2
42.46,0.691,1.8,0.2
42.48,0.693,1.8,0.2
42.5,0.693,1.8,0.2
42.52,0.693,1.8,0.2
42.54,0.693,1.8,0.2
42.56,0.693,1.8,0.2
42.58,0.693,1.8,0.2
42.6,0.691,1.8,0.2
42.62,0.689,1.8,0.2
42.64,0.688,1.8,0.2
42.66,0.686,1.8,0.2
42.68,0.684,1.8,0.2
42.7,0.681,1.8,0.2
42.72,0.677,1.8,0.2
42.74,0.674,1.8,0.2
42.76,0.67,1.8,0.2
42.78,0.667,1.8,0.2
42.8,0.663,1.8,0.2
42.82,0.66,1.8,0.2
42.84,0.654,1.8,0.2
42.86,0.651,1.8,0.2
42.88,0.646,1.8,0.2
42.9,0.642,1.8,0.2
42.92,0.637,1.8,0.2
42.94,0.632,1.8,0.2
42.96,0.628,1.8,0.2
42.98,0.623,1.8,0.2
43.0,0.618,1.8,0.2
43.02,0.614,1.8,0.2
43.04,0.611,1.8,0.2
43.06,0.606,1.8,0.2
43.08,0.602,1.8,0.2
43.1,0.599,1.8,0.2
43.12,0.595,1.8,0.2
43.14,0.592,1.8,0.2
43.16,0.588,1.8,0.2
43.18,0.586,1.8,0.2
43.2,0.583,1.8,0.2
43.22,0.581,1.8,0.2
43.24,0.579,1.8,0.2
43.26,0.578,1.8,0.2
43.28,0.578,1.8,0.2
43.3,0.576,1.8,0.2
43.32,0.576,1.8,0.2
43.34,0.576,1.8,0.2
43.36,0.576,1.8,0.2
43.38,0.576,1.8,0.2
43.4,0.578,1.8,0.2
43.42,0.579,1.8,0.2
43.44,0.581,1.8,0.2
43.46,0.583,1.8,0.2
43.48,0.585,1.8,0.2
43.5,0.586,1.8,0.2
43.52,0.59,1.8,0.2
43.54,0.592,1.8,0.2
43.56,0.595,1.8,0.2
43.58,0.599,1.8,0.2
43.6,0.602,1.8,0.2
43.62,0.606,1.8,0.2
43.64,0.609,1.8,0.2
43.66,0.613,1.8,0.2
43.68,0.616,1.8,0.2
43.7,0.621,1.8,0.2
43.72,0.625,1.8,0.2
43.74,0.628,1.8,0.2
43.76,0.632,1.8,0.2
43.78,0.637,1.8,0.2
43.8,0.641,1.8,0.2
43.82,0.644,1.8,0.2
43.84,0.648,1.8,0.2
43.86,0.651,1.8,0.2
43.88,0.654,1.8,0.2
43.9,0.658,1.8,0.2
43.92,0.661,1.8,0.2
43.94,0.663,1.8,0.2
43.96,0.667,1.8,0.2
43.98,0.668,1.8,0.2
44.0,0.67,1.8,0.2
44.02,0.672,1.8,0.2
44.04,0.674,1.8,0.2
44.06,0.675,1.8,0.2
44.08,0.677,1.8,0.2
44.1,0.677,1.8,0.2
44.12,0.677,1.8,0.2
44.14,0.679,1.8,0.2
44.16,0.679,1.8,0.2
44.18,0.677,1.8,0.2
44.2,0.677,1.8,0.2
44.22,0.677,1.8,0.2
44.24,0.675,1.8,0.2
44.26,0.674,1.8,0.2
44.28,0.672,1.8,0.2
44.3,0.67,1.8,0.2
44.32,0.668,1.8,0.2
44.34,0.667,1.8,0.2
44.36,0.663,1.8,0.2
44.38,0.661,1.8,0.2
44.4,0.658,1.8,0.2
44.42,0.654,1.8,0.2
44.44,0.653,1.8,0.2
44.46,0.649,1.8,0.2
44.48,0.646,1.8,0.2
44.5,0.642,1.8,0.2
44.52,0.639,1.8,0.2
44.54,0.635,1.8,0.2
44.56,0.632,1.8,0.2
44.58,0.628,1.8,0.2
44.6,0.625,1.8,0.2
44.62,0.621,1.8,0.2
44.64,0.618,1.8,0.2
44.66,0.616,1.8,0.2
44.68,0.613,1.8,0.2
44.7,0.609,1.8,0.2
44.72,0.606,1.8,0.2
44.74,0.604,1.8,0.2
44.76,0.602,1.8,0.2
44.78,0.599,1.8,0.2
44.8,0.597,1.8,0.2
44.82,0.595,1.8,0.2
44.84,0.593,1.8,0.2
44.86,0.592,1.8,0.2
44.88,0.592,1.8,0.2
44.9,0.59,1.8,0.2
44.92,0.59,1.8,0.2
44.94,0.59,1.8,0.2
44.96,0.59,1.8,0.2
44.98,0.59,1.8,0.2
45.0,0.59,1.8,0.2
45.02,0.592,1.8,0.2
45.04,0.592,1.8,0.2
45.06,0.593,1.8,0.2
45.08,0.595,1.8,0.2
45.1,0.597,1.8,0.2
45.12,0.599,1.8,0.2
45.14,0.6,1.8,0.2
45.16,0.602,1.8,0.2
45.18,0.606,1.8,0.2
45.2,0.607,1.8,0.2
45.22,0.611,1.8,0.2
45.24,0.613,1.8,0.2
45.26,0.616,1.8,0.2
45.28,0.62,1.8,0.2
45.3,0.621,1.8,0.2
45.32,0.625,1.8,0.2
45.34,0.628,1.8,0.2
45.36,0.632,1.8,0.2
45.38,0.634,1.8,0.2
45.4,0.637,1.8,0.2
45.42,0.641,1.8,0.2
45.44,0.642,1.8,0.2
45.46,0.646,1.8,0.2
45.48,0.648,1.8,0.2
45.5,0.651,1.8,0.2
45.52,0.653,1.8,0.2
45.54,0.654,1.8,0.2
45.56,0.658,1.8,0.2
45.58,0.66,1.8,0.2
45.6,0.661,1.8,0.2
45.62,0.663,1.8,0.2
45.64,0.663,1.8,0.2
45.66,0.665,1.8,0.2
45.68,0.667,1.8,0.2
45.7,0.667,1.8,0.2
45.72,0.667,1.8,0.2
45.74,0.668,1.8,0.2
45.76,0.668,1.8,0.2
45.78,0.668,1.8,0.2
45.8,0.667,1.8,0.2
45.82,0.667,1.8,0.2
45.84,0.667,1.8,0.2
45.86,0.665,1.8,0.2
45.88,0.663,1.8,0.2
45.9,0.663,1.8,0.2
45.92,0.661,1.8,0.2
45.94,0.66,1.8,0.2
45.96,0.658,1.8,0.2
45.98,0.656,1.8,0.2
46.0,0.653,1.8,0.2
46.02,0.651,1.8,0.2
46.04,0.649,1.8,0.2
46.06,0.646,1.8,0.2
46.08,0.644,1.8,0.2
46.1,0.641,1.8,0.2
46.12,0.639,1.8,0.2
46.14,0.635,1.8,0.2
46.16,0.634,1.8,0.2
46.18,0.63,1.8,0.2
46.2,0.628,1.8,0.2
46.22,0.625,1.8,0.2
46.24,0.623,1.8,0.2
46.26,0.621,1.8,0.2
46.28,0.618,1.8,0.2
46.3,0.616,1.8,0.2
46.32,0.614,1.8,0.2
46.34,0.611,1.8,0.2
46.36,0.609,1.8,0.2
46.38,0.607,1.8,0.2
46.4,0.606,1.8,0.2
46.42,0.606,1.8,0.2
46.44,0.604,1.8,0.2
46.46,0.602,1.8,0.2
46.48,0.602,1.8,0.2
46.5,0.6,1.8,0.2
46.52,0.6,1.8,0.2
46.54,0.6,1.8,0.2
46.56,0.6,1.8,0.2
46.58,0.6,1.8,0.2
46.6,0.6,1.8,0.2
46.62,0.6,1.8,0.2
46.64,0.6,1.8,0.2
46.66,0.602,1.8,0.2
46.68,0.602,1.8,0.2
46.7,0.604,1.8,0.2
46.72,0.606,1.8,0.2
46.74,0.607,1.8,0.2
46.76,0.607,1.8,0.2
46.78,0.609,1.8,0.2
46.8,0.613,1.8,0.2
46.82,0.614,1.8,0.2
46.84,0.616,1.8,0.2
46.86,0.618,1.8,0.2
46.88,0.62,1.8,0.2
46.9,0.623,1.8,0.2
46.92,0.625,1.8,0.2
46.94,0.627,1.8,0.2
46.96,0.63,1.8,0.2
46.98,0.632,1.8,0.2
47.0,0.634,1.8,0.2
47.02,0.637,1.8,0.2
47.04,0.639,1.8,0.2
47.06,0.641,1.8,0.2
47.08,0.644,1.8,0.2
47.1,0.646,1.8,0.2
47.12,0.648,1.8,0.2
47.14,0.649,1.8,0.2
47.16,0.651,1.8,0.2
47.18,0.653,1.8,0.2
47.2,0.654,1.8,0.2
47.22,0.656,1.8,0.2
47.24,0.658,1.8,0.2
47.26,0.658,1.8,0.2
47.28,0.66,1.8,0.2
47.3,0.66,1.8,0.2
47.32,0.661,1.8,0.2
47.34,0.661,1.8,0.2
47.36,0.661,1.8,0.2
47.38,0.661,1.8,0.2
47.4,0.661,1.8,0.2
47.42,0.661,1.8,0.2
47.44,0.661,1.8,0.2
47.46,0.661,1.8,0.2
47.48,0.66,1.8,0.2
47.5,0.66,1.8,0.2
47.52,0.658,1.8,0.2
47.54,0.658,1.8,0.2
47.56,0.656,1.8,0.2
47.58,0.654,1.8,0.2
47.6,0.653,1.8,0.2
47.62,0.651,1.8,0.2
47.64,0.649,1.8,0.2
47.66,0.648,1.8,0.2
47.68,0.646,1.8,0.2
47.7,0.644,1.8,0.2
47.72,0.642,1.8,0.2
47.74,0.639,1.8,0.2
47.76,0.637,1.8,0.2
47.78,0.635,1.8,0.2
47.8,0.634,1.8,0.2
47.82,0.63,1.8,0.2
47.84,0.628,1.8,0.2
47.86,0.627,1.8,0.2
47.88,0.625,1.8,0.2
47.9,0.621,1.8,0.2
47.92,0.62,1.8,0.2
47.94,0.618,1.8,0.2
47.96,0.616,1.8,0.2
47.98,0.614,1.8,0.2
48.0,0.613,1.8,0.2
48.02,0.611,1.8,0.2
48.04,0.611,1.8,0.2
48.06,0.609,1.8,0.2
48.08,0.607,1.8,0.2
48.1,0.607,1.8,0.2
48.12,0.606,1.8,0.2
48.14,0.606,1.8,0.2
48.16,0.606,1.8,0.2
48.18,0.606,1.8,0.2
48.2,0.606,1.8,0.2
48.22,0.606,1.8,0.2
48.24,0.606,1.8,0.2
48.26,0.606,1.8,0.2
48.28,0.607,1.8,0.2
48.3,0.607,1.8,0.2
48.32,0.609,1.8,0.2
48.34,0.609,1.8,0.2
48.36,0.611,1.8,0.2
48.38,0.611,1.8,0.2
48.4,0.613,1.8,0.2
48.42,0.614,1.8,0.2
48.44,0.616,1.8,0.2
48.46,0.618,1.8,0.2
48.48,0.62,1.8,0.2
48.5,0.621,1.8,0.2
48.52,0.623,1.8,0.2
48.54,0.625,1.8,0.2
48.56,0.627,1.8,0.2
48.58,0.628,1.8,0.2
48.6,0.63,1.8,0.2
48.62,0.632,1.8,0.2
48.64,0.635,1.8,0.2
48.66,0.637,1.8,0.2
48.68,0.639,1.8,0.2
48.7,0.641,1.8,0.2
48.72,0.642,1.8,0.2
48.74,0.644,1.8,0.2
48.76,0.646,1.8,0.2
48.78,0.648,1.8,0.2
48.8,0.648,1.8,0.2
48.82,0.649,1.8,0.2
48.84,0.651,1.8,0.2
48.86,0.651,1.8,0.2
48.88,0.653,1.8,0.2
48.9,0.653,1.8,0.2
48.92,0.654,1.8,0.2
48.94,0.654,1.8,0.2
48.96,0.654,1.8,0.2
48.98,0.654,1.8,0.2
49.0,0.654,1.8,0.2
49.02,0.654,1.8,0.2
49.04,0.654,1.8,0.2
49.06,0.654,1.8,0.2
49.08,0.654,1.8,0.2
49.1,0.653,1.8,0.2
49.12,0.653,1.8,0.2
49.14,0.651,1.8,0.2
49.16,0.651,1.8,0.2
49.18,0.649,1.8,0.2
49.2,0.649,1.8,0.2
49.22,0.648,1.8,0.2
49.24,0.646,1.8,0.2
49.26,0.644,1.8,0.2
49.28,0.644,1.8,0.2
49.3,0.642,1.8,0.2
49.32,0.641,1.8,0.2
49.34,0.639,1.8,0.2
49.36,0.637,1.8,0.2
49.38,0.635,1.8,0.2
49.4,0.634,1.8,0.2
49.42,0.632,1.8,0.2
49.44,0.63,1.8,0.2
49.46,0.628,1.8,0.2
49.48,0.627,1.8,0.2
49.5,0.625,1.8,0.2
49.52,0.625,1.8,0.2
49.54,0.623,1.8,0.2
49.56,0.621,1.8,0.2
49.58,0.62,1.8,0.2
49.6,0.618,1.8,0.2
49.62,0.618,1.8,0.2
49.64,0.616,1.8,0.2
49.66,0.616,1.8,0.2
49.68,0.614,1.8,0.2
49.7,0.614,1.8,0.2
49.72,0.613,1.8,0.2
49.74,0.613,1.8,0.2
49.76,0.613,1.8,0.2
49.78,0.613,1.8,0.2
49.8,0.613,1.8,0.2
49.82,0.613,1.8,0.2
49.84,0.613,1.8,0.2
49.86,0.613,1.8,0.2
49.88,0.613,1.8,0.2
49.9,0.613,1.8,0.2
49.92,0.614,1.8,0.2
49.94,0.614,1.8,0.2
49.96,0.616,1.8,0.2
49.98,0.616,1.8,0.2
50.0,0.618,1.8,0.2
50.02,0.62,1.8,0.2
50.04,0.62,1.8,0.2
50.06,0.621,1.8,0.2
50.08,0.623,1.8,0.2
50.1,0.625,1.8,0.2
50.12,0.625,1.8,0.2
50.14,0.627,1.8,0.2
50.16,0.628,1.8,0.2
50.18,0.63,1.8,0.2
50.2,0.632,1.8,0.2
50.22,0.634,1.8,0.2
50.24,0.634,1.8,0.2
50.26,0.635,1.8,0.2
50.28,0.637,1.8,0.2
50.3,0.639,1.8,0.2
50.32,0.641,1.8,0.2
50.34,0.641,1.8,0.2
50.36,0.642,1.8,0.2
50.38,0.644,1.8,0.2
50.4,0.644,1.8,0.2
50.42,0.646,1.8,0.2
50.44,0.646,1.8,0.2
50.46,0.648,1.8,0.2
50.48,0.648,1.8,0.2
50.5,0.649,1.8,0.2
50.52,0.649,1.8,0.2
50.54,0.649,1.8,0.2
50.56,0.649,1.8,0.2
50.58,0.651,1.8,0.2
50.6,0.651,1.8,0.2
50.62,0.651,1.8,0.2
50.64,0.651,1.8,0.2
50.66,0.651,1.8,0.2
50.68,0.649,1.8,0.2
50.7,0.649,1.8,0.2
50.72,0.649,1.8,0.2
50.74,0.648,1.8,0.2
50.76,0.648,1.8,0.2
50.78,0.648,1.8,0.2
50.8,0.646,1.8,0.2
50.82,0.646,1.8,0.2
50.84,0.644,1.8,0.2
50.86,0.642,1.8,0.2
50.88,0.642,1.8,0.2
50.9,0.641,1.8,0.2
50.92,0.639,1.8,0.2
50.94,0.639,1.8,0.2
50.96,0.637,1.8,0.2
50.98,0.635,1.8,0.2
51.0,0.634,1.8,0.2
51.02,0.632,1.8,0.2
51.04,0.632,1.8,0.2
51.06,0.63,1.8,0.2
51.08,0.628,1.8,0.2
51.1,0.627,1.8,0.2
51.12,0.625,1.8,0.2
51.14,0.625,1.8,0.2
51.16,0.623,1.8,0.2
51.18,0.621,1.8,0.2
51.2,0.621,1.8,0.2
51.22,0.62,1.8,0.2
51.24,0.62,1.8,0.2
51.26,0.618,1.8,0.2
51.28,0.618,1.8,0.2
51.3,0.616,1.8,0.2
51.32,0.616,1.8,0.2
51.34,0.616,1.8,0.2
51.36,0.616,1.8,0.2
51.38,0.616,1.8,0.2
51.4,0.616,1.8,0.2
51.42,0.616,1.8,0.2
51.44,0.616,1.8,0.2
51.46,0.616,1.8,0.2
51.48,0.616,1.8,0.2
51.5,0.618,1.8,0.2
51.52,0.618,1.8,0.2
51.54,0.62,1.8,0.2
51.56,0.62,1.8,0.2
51.58,0.621,1.8,0.2
51.6,0.621,1.8,0.2
51.62,0.623,1.8,0.2
51.64,0.625,1.8,0.2
51.66,0.627,1.8,0.2
51.68,0.627,1.8,0.2
51.7,0.628,1.8,0.2
51.72,0.63,1.8,0.2
51.74,0.63,1.8,0.2
51.76,0.632,1.8,0.2
51.78,0.634,1.8,0.2
51.8,0.635,1.8,0.2
51.82,0.635,1.8,0.2
51.84,0.637,1.8,0.2
51.86,0.639,1.8,0.2
51.88,0.639,1.8,0.2
51.9,0.641,1.8,0.2
51.92,0.641,1.8,0.2
51.94,0.642,1.8,0.2
51.96,0.642,1.8,0.2
51.98,0.644,1.8,0.2
52.0,0.644,1.8,0.2
52.02,0.646,1.8,0.2
52.04,0.646,1.8,0.2
52.06,0.646,1.8,0.2
52.08,0.646,1.8,0.2
52.1,0.648,1.8,0.2
52.12,0.648,1.8,0.2
52.14,0.648,1.8,0.2
52.16,0.648,1.8,0.2
52.18,0.648,1.8,0.2
52.2,0.648,1.8,0.2
52.22,0.648,1.8,0.2
52.24,0.648,1.8,0.2
52.26,0.648,1.8,0.2
52.28,0.646,1.8,0.2
52.3,0.646,1.8,0.2
52.32,0.646,1.8,0.2
52.34,0.646,1.8,0.2
52.36,0.644,1.8,0.2
52.38,0.644,1.8,0.2
52.4,0.642,1.8,0.2
52.42,0.642,1.8,0.2
52.44,0.641,1.8,0.2
52.46,0.641,1.8,0.2
52.48,0.639,1.8,0.2
52.5,0.639,1.8,0.2
52.52,0.637,1.8,0.2
52.54,0.637,1.8,0.2
52.56,0.635,1.8,0.2
52.58,0.634,1.8,0.2
52.6,0.634,1.8,0.2
52.62,0.632,1.8,0.2
52.64,0.632,1.8,0.2
52.66,0.63,1.8,0.2
52.68,0.63,1.8,0.2
52.7,0.628,1.8,0.2
52.72,0.627,1.8,0.2
52.74,0.627,1.8,0.2
52.76,0.625,1.8,0.2
52.78,0.625,1.8,0.2
52.8,0.623,1.8,0.2
52.82,0.623,1.8,0.2
52.84,0.623,1.8,0.2
52.86,0.621,1.8,0.2
52.88,0.621,1.8,0.2
52.9,0.621,1.8,0.2
52.92,0.62,1.8,0.2
52.94,0.62,1.8,0.2
52.96,0.62,1.8,0.2
52.98,0.62,1.8,0.2
53.0,0.62,1.8,0.2
53.02,0.62,1.8,0.2
53.04,0.618,1.8,0.2
53.06,0.618,1.8,0.2
53.08,0.62,1.8,0.2
53.1,0.62,1.8,0.2
53.12,0.62,1.8,0.2
53.14,0.62,1.8,0.2
53.16,0.62,1.8,0.2
53.18,0.62,1.8,0.2
53.2,0.621,1.8,0.2
53.22,0.621,1.8,0.2
53.24,0.621,1.8,0.2
53.26,0.623,1.8,0.2
53.28,0.623,1.8,0.2
53.3,0.625,1.8,0.2
53.32,0.625,1.8,0.2
53.34,0.627,1.8,0.2
53.36,0.627,1.8,0.2
53.38,0.628,1.8,0.2
53.4,0.628,1.8,0.2
53.42,0.63,1.8,0.2
53.44,0.63,1.8,0.2
53.46,0.632,1.8,0.2
53.48,0.632,1.8,0.2
53.5,0.634,1.8,0.2
53.52,0.634,1.8,0.2
53.54,0.635,1.8,0.2
53.56,0.635,1.8,0.2
53.58,0.637,1.8,0.2
53.6,0.637,1.8,0.2
53.62,0.639,1.8,0.2
53.64,0.639,1.8,0.2
53.66,0.639,1.8,0.2
53.68,0.641,1.8,0.2
53.7,0.641,1.8,0.2
53.72,0.641,1.8,0.2
53.74,0.641,1.8,0.2
53.76,0.641,1.8,0.2
53.78,0.642,1.8,0.2
53.8,0.642,1.8,0.2
53.82,0.642,1.8,0.2
53.84,0.642,1.8,0.2
53.86,0.642,1.8,0.2
53.88,0.642,1.8,0.2
53.9,0.642,1.8,0.2
53.92,0.642,1.8,0.2
53.94,0.642,1.8,0.2
53.96,0.641,1.8,0.2
53.98,0.641,1.8,0.2
54.0,0.641,1.8,0.2
54.02,0.641,1.8,0.2
54.04,0.639,1.8,0.2
54.06,0.639,1.8,0.2
54.08,0.639,1.8,0.2
54.1,0.637,1.8,0.2
54.12,0.637,1.8,0.2
54.14,0.637,1.8,0.2
54.16,0.635,1.8,0.2
54.18,0.635,1.8,0.2
54.2,0.634,1.8,0.2
54.22,0.634,1.8,0.2
54.24,0.634,1.8,0.2
54.26,0.632,1.8,0.2
54.28,0.632,1.8,0.2
54.3,0.63,1.8,0.2
54.32,0.63,1.8,0.2
54.34,0.628,1.8,0.2
54.36,0.628,1.8,0.2
54.38,0.627,1.8,0.2
54.4,0.627,1.8,0.2
54.42,0.625,1.8,0.2
54.44,0.625,1.8,0.2
54.46,0.625,1.8,0.2
54.48,0.623,1.8,0.2
54.5,0.623,1.8,0.2
54.52,0.623,1.8,0.2
54.54,0.623,1.8,0.2
54.56,0.621,1.8,0.2
54.58,0.621,1.8,0.2
54.6,0.621,1.8,0.2
54.62,0.621,1.8,0.2
54.64,0.621,1.8,0.2
54.66,0.621,1.8,0.2
54.68,0.621,1.8,0.2
54.7,0.621,1.8,0.2
54.72,0.621,1.8,0.2
54.74,0.621,1.8,0.2
54.76,0.621,1.8,0.2
54.78,0.621,1.8,0.2
54.8,0.621,1.8,0.2
54.82,0.623,1.8,0.2
54.84,0.623,1.8,0.2
54.86,0.623,1.8,0.2
54.88,0.623,1.8,0.2
54.9,0.623,1.8,0.2
54.92,0.625,1.8,0.2
54.94,0.625,1.8,0.2
54.96,0.625,1.8,0.2
54.98,0.627,1.8,0.2
55.0,0.627,1.8,0.2
55.02,0.627,1.8,0.2
55.04,0.628,1.8,0.2
55.06,0.628,1.8,0.2
55.08,0.628,1.8,0.2
55.1,0.63,1.8,0.2
55.12,0.63,1.8,0.2
55.14,0.63,1.8,0.2
55.16,0.632,1.8,0.2
55.18,0.632,1.8,0.2
55.2,0.632,1.8,0.2
55.22,0.632,1.8,0.2
55.24,0.634,1.8,0.2
55.26,0.634,1.8,0.2
55.28,0.634,1.8,0.2
55.3,0.634,1.8,0.2
55.32,0.635,1.8,0.2
55.34,0.635,1.8,0.2
55.36,0.635,1.8,0.2
55.38,0.635,1.8,0.2
55.4,0.635,1.8,0.2
55.42,0.635,1.8,0.2
55.44,0.635,1.8,0.2
55.46,0.635,1.8,0.2
55.48,0.635,1.8,0.2
55.5,0.635,1.8,0.2
55.52,0.635,1.8,0.2
55.54,0.635,1.8,0.2
55.56,0.635,1.8,0.2
55.58,0.635,1.8,0.2
55.6,0.635,1.8,0.2
55.62,0.635,1.8,0.2
55.64,0.635,1.8,0.2
55.66,0.635,1.8,0.2
55.68,0.634,1.8,0.2
55.7,0.634,1.8,0.2
55.72,0.634,1.8,0.2
55.74,0.634,1.8,0.2
55.76,0.634,1.8,0.2
55.78,0.634,1.8,0.2
55.8,0.632,1.8,0.2
55.82,0.632,1.8,0.2
55.84,0.632,1.8,0.2
55.86,0.632,1.8,0.2
55.88,0.63,1.8,0.2
55.9,0.63,1.8,0.2
55.92,0.63,1.8,0.2
55.94,0.63,1.8,0.2
55.96,0.628,1.8,0.2
55.98,0.628,1.8,0.2
56.0,0.628,1.8,0.2
56.02,0.628,1.8,0.2
56.04,0.627,1.8,0.2
56.06,0.627,1.8,0.2
56.08,0.627,1.8,0.2
56.1,0.627,1.8,0.2
56.12,0.625,1.8,0.2
56.14,0.625,1.8,0.2
56.16,0.625,1.8,0.2
56.18,0.625,1.8,0.2
56.2,0.625,1.8,0.2
56.22,0.625,1.8,0.2
56.24,0.625,1.8,0.2
56.26,0.625,1.8,0.2
56.28,0.623,1.8,0.2
56.3,0.623,1.8,0.2
56.32,0.623,1.8,0.2
56.34,0.623,1.8,0.2
56.36,0.623,1.8,0.2
56.38,0.623,1.8,0.2
56.4,0.625,1.8,0.2
56.42,0.625,1.8,0.2
56.44,0.625,1.8,0.2
56.46,0.625,1.8,0.2
56.48,0.625,1.8,0.2
56.5,0.625,1.8,0.2
56.52,0.625,1.8,0.2
56.54,0.625,1.8,0.2
56.56,0.627,1.8,0.2
56.58,0.627,1.8,0.2
56.6,0.627,1.8,0.2
56.62,0.627,1.8,0.2
56.64,0.627,1.8,0.2
56.66,0.628,1.8,0.2
56.68,0.628,1.8,0.2
56.7,0.628,1.8,0.2
56.72,0.628,1.8,0.2
56.74,0.628,1.8,0.2
56.76,0.63,1.8,0.2
56.78,0.63,1.8,0.2
56.8,0.63,1.8,0.2
56.82,0.63,1.8,0.2
56.84,0.63,1.8,0.2
56.86,0.632,1.8,0.2
56.88,0.632,1.8,0.2
56.9,0.632,1.8,0.2
56.92,0.632,1.8,0.2
56.94,0.632,1.8,0.2
56.96,0.632,1.8,0.2
56.98,0.634,1.8,0.2
57.0,0.634,1.8,0.2
57.02,0.634,1.8,0.2
57.04,0.634,1.8,0.2
57.06,0.634,1.8,0.2
57.08,0.634,1.8,0.2
57.1,0.634,1.8,0.2
57.12,0.634,1.8,0.2
57.14,0.634,1.8,0.2
57.16,0.634,1.8,0.2
57.18,0.634,1.8,0.2
57.2,0.634,1.8,0.2
57.22,0.632,1.8,0.2
57.24,0.632,1.8,0.2
57.26,0.632,1.8,0.2
57.28,0.632,1.8,0.2
57.3,0.632,1.8,0.2
57.32,0.632,1.8,0.2
57.34,0.63,1.8,0.2
57.36,0.63,1.8,0.2
57.38,0.63,1.8,0.2
57.4,0.63,1.8,0.2
57.42,0.628,1.8,0.2
57.44,0.628,1.8,0.2
57.46,0.628,1.8,0.2
57.48,0.628,1.8,0.2
57.5,0.627,1.8,0.2
57.52,0.627,1.8,0.2
57.54,0.627,1.8,0.2
57.56,0.627,1.8,0.2
57.58,0.625,1.8,0.2
57.6,0.625,1.8,0.2
57.62,0.625,1.8,0.2
57.64,0.625,1.8,0.2
57.66,0.625,1.8,0.2
57.68,0.625,1.8,0.2
57.7,0.623,1.8,0.2
57.72,0.623,1.8,0.2
57.74,0.623,1.8,0.2
57.76,0.623,1.8,0.2
57.78,0.623,1.8,0.2
57.8,0.623,1.8,0.2
57.82,0.623,1.8,0.2
57.84,0.623,1.8,0.2
57.86,0.623,1.8,0.2
57.88,0.623,1.8,0.2
57.9,0.623,1.8,0.2
57.92,0.623,1.8,0.2
57.94,0.623,1.8,0.2
57.96,0.623,1.8,0.2
57.98,0.623,1.8,0.2
58.0,0.623,1.8,0.2
58.02,0.623,1.8,0.2
58.04,0.623,1.8,0.2
58.06,0.623,1.8,0.2
58.08,0.623,1.8,0.2
58.1,0.623,1.8,0.2
58.12,0.625,1.8,0.2
58.14,0.625,1.8,0.2
58.16,0.625,1.8,0.2
58.18,0.625,1.8,0.2
58.2,0.625,1.8,0.2
58.22,0.625,1.8,0.2
58.24,0.625,1.8,0.2
58.26,0.625,1.8,0.2
58.28,0.625,1.8,0.2
58.3,0.627,1.8,0.2
58.32,0.627,1.8,0.2
58.34,0.627,1.8,0.2
58.36,0.627,1.8,0.2
58.38,0.627,1.8,0.2
58.4,0.627,1.8,0.2
58.42,0.627,1.8,0.2
58.44,0.628,1.8,0.2
58.46,0.628,1.8,0.2
58.48,0.628,1.8,0.2
58.5,0.628,1.8,0.2
58.52,0.628,1.8,0.2
58.54,0.628,1.8,0.2
58.56,0.628,1.8,0.2
58.58,0.628,1.8,0.2
58.6,0.628,1.8,0.2
58.62,0.628,1.8,0.2
58.64,0.628,1.8,0.2
58.66,0.628,1.8,0.2
58.68,0.628,1.8,0.2
58.7,0.628,1.8,0.2
58.72,0.628,1.8,0.2
58.74,0.628,1.8,0.2
58.76,0.628,1.8,0.2
58.78,0.628,1.8,0.2
58.8,0.628,1.8,0.2
58.82,0.628,1.8,0.2
58.84,0.628,1.8,0.2
58.86,0.628,1.8,0.2
58.88,0.628,1.8,0.2
58.9,0.628,1.8,0.2
58.92,0.628,1.8,0.2
58.94,0.628,1.8,0.2
58.96,0.628,1.8,0.2
58.98,0.628,1.8,0.2
59.0,0.628,1.8,0.2
59.02,0.63,1.8,0.2
59.04,0.63,1.8,0.2
59.06,0.63,1.8,0.2
59.08,0.63,1.8,0.2
59.1,0.63,1.8,0.2
59.12,0.63,1.8,0.2
59.14,0.63,1.8,0.2
59.16,0.63,1.8,0.2
59.18,0.63,1.8,0.2
59.2,0.63,1.8,0.2
59.22,0.63,1.8,0.2
59.24,0.63,1.8,0.2
59.26,0.63,1.8,0.2
59.28,0.63,1.8,0.2
59.3,0.63,1.8,0.2
59.32,0.63,1.8,0.2
59.34,0.63,1.8,0.2
59.36,0.63,1.8,0.2
59.38,0.63,1.8,0.2
59.4,0.63,1.8,0.2
59.42,0.628,1.8,0.2
59.44,0.628,1.8,0.2
59.46,0.628,1.8,0.2
59.48,0.628,1.8,0.2
59.5,0.628,1.8,0.2
59.52,0.628,1.8,0.2
59.54,0.628,1.8,0.2
59.56,0.628,1.8,0.2
59.58,0.628,1.8,0.2
59.6,0.628,1.8,0.2
59.62,0.628,1.8,0.2
59.64,0.628,1.8,0.2
59.66,0.628,1.8,0.2
59.68,0.628,1.8,0.2
59.7,0.628,1.8,0.2
59.72,0.627,1.8,0.2
59.74,0.627,1.8,0.2
59.76,0.627,1.8,0.2
59.78,0.627,1.8,0.2
59.8,0.627,1.8,0.2
59.82,0.627,1.8,0.2
59.84,0.627,1.8,0.2
59.86,0.627,1.8,0.2
59.88,0.627,1.8,0.2
59.9,0.627,1.8,0.2
59.92,0.627,1.8,0.2
59.94,0.627,1.8,0.2
59.96,0.627,1.8,0.2
59.98,0.627,1.8,0.2
60.0,0.627,1.8,0.2
60.02,0.627,0.0,0.0
60.04,0.627,0.0,0.0
60.06,0.625,0.0,0.0
60.08,0.623,0.0,0.0
60.1,0.621,0.0,0.0
60.12,0.616,0.0,0.0
60.14,0.611,0.0,0.0
60.16,0.602,0.0,0.0
60.18,0.592,0.0,0.0
60.2,0.579,0.0,0.0
60.22,0.565,0.0,0.0
60.24,0.548,0.0,0.0
60.26,0.529,0.0,0.0
60.28,0.506,0.0,0.0
60.3,0.482,0.0,0.0
60.32,0.456,0.0,0.0
60.34,0.428,0.0,0.0
60.36,0.396,0.0,0.0
60.38,0.365,0.0,0.0
60.4,0.33,0.0,0.0
60.42,0.295,0.0,0.0
60.44,0.257,0.0,0.0
60.46,0.22,0.0,0.0
60.48,0.18,0.0,0.0
60.5,0.14,0.0,0.0
60.52,0.099,0.0,0.0
60.54,0.059,0.0,0.0
60.56,0.019,0.0,0.0
60.58,-0.019,0.0,0.0
60.6,-0.059,0.0,0.0
60.62,-0.096,0.0,0.0
60.64,-0.133,0.0,0.0
60.66,-0.169,0.0,0.0
60.68,-0.202,0.0,0.0
60.7,-0.234,0.0,0.0
60.72,-0.264,0.0,0.0
60.74,-0.291,0.0,0.0
60.76,-0.316,0.0,0.0
60.78,-0.339,0.0,0.0
60.8,-0.358,0.0,0.0
60.82,-0.374,0.0,0.0
60.84,-0.387,0.0,0.0
60.86,-0.398,0.0,0.0
60.88,-0.405,0.0,0.0
60.9,-0.408,0.0,0.0
60.92,-0.41,0.0,0.0
60.94,-0.407,0.0,0.0
60.96,-0.401,0.0,0.0
60.98,-0.393,0.0,0.0
61.0,-0.38,0.0,0.0
61.02,-0.367,0.0,0.0
61.04,-0.349,0.0,0.0
61.06,-0.328,0.0,0.0
61.08,-0.305,0.0,0.0
61.1,-0.281,0.0,0.0
61.12,-0.253,0.0,0.0
61.14,-0.225,0.0,0.0
61.16,-0.194,0.0,0.0
61.18,-0.161,0.0,0.0
61.2,-0.127,0.0,0.0
61.22,-0.093,0.0,0.0
61.24,-0.058,0.0,0.0
61.26,-0.021,0.0,0.0
61.28,0.016,0.0,0.0
61.3,0.051,0.0,0.0
61.32,0.087,0.0,0.0
61.34,0.122,0.0,0.0
61.36,0.155,0.0,0.0
61.38,0.188,0.0,0.0
61.4,0.22,0.0,0.0
61.42,0.251,0.0,0.0
61.44,0.279,0.0,0.0
61.46,0.304,0.0,0.0
61.48,0.328,0.0,0.0
61.5,0.349,0.0,0.0
61.52,0.368,0.0,0.0
61.54,0.384,0.0,0.0
61.56,0.398,0.0,0.0
61.58,0.408,0.0,0.0
61.6,0.415,0.0,0.0
61.62,0.419,0.0,0.0
61.64,0.421,0.0,0.0
61.66,0.419,0.0,0.0
61.68,0.414,0.0,0.0
61.7,0.405,0.0,0.0
61.72,0.394,0.0,0.0
61.74,0.38,0.0,0.0
61.76,0.365,0.0,0.0
61.78,0.346,0.0,0.0
61.8,0.323,0.0,0.0
61.82,0.298,0.0,0.0
61.84,0.272,0.0,0.0
61.86,0.244,0.0,0.0
61.88,0.215,0.0,0.0
61.9,0.183,0.0,0.0
61.92,0.15,0.0,0.0
61.94,0.115,0.0,0.0
61.96,0.08,0.0,0.0
61.98,0.045,0.0,0.0
62.0,0.009,0.0,0.0
62.02,-0.028,0.0,0.0
62.04,-0.063,0.0,0.0
62.06,-0.098,0.0,0.0
62.08,-0.133,0.0,0.0
62.1,-0.166,0.0,0.0
62.12,-0.197,0.0,0.0
62.14,-0.229,0.0,0.0
62.16,-0.257,0.0,0.0
62.18,-0.284,0.0,0.0
62.2,-0.309,0.0,0.0
62.22,-0.332,0.0,0.0
62.24,-0.351,0.0,0.0
62.26,-0.368,0.0,0.0
62.28,-0.384,0.0,0.0
62.3,-0.394,0.0,0.0
62.32,-0.405,0.0,0.0
62.34,-0.41,0.0,0.0
62.36,-0.414,0.0,0.0
62.38,-0.414,0.0,0.0
62.4,-0.41,0.0,0.0
62.42,-0.403,0.0,0.0
62.44,-0.394,0.0,0.0
62.46,-0.382,0.0,0.0
62.48,-0.367,0.0,0.0
62.5,-0.349,0.0,0.0
62.52,-0.33,0.0,0.0
62.54,-0.307,0.0,0.0
62.56,-0.283,0.0,0.0
62.58,-0.255,0.0,0.0
62.6,-0.227,0.0,0.0
62.62,-0.195,0.0,0.0
62.64,-0.164,0.0,0.0
62.66,-0.131,0.0,0.0
62.68,-0.098,0.0,0.0
62.7,-0.063,0.0,0.0
62.72,-0.028,0.0,0.0
62.74,0.009,0.0,0.0
62.76,0.044,0.0,0.0
62.78,0.079,0.0,0.0
62.8,0.113,0.0,0.0
62.82,0.147,0.0,0.0
62.84,0.178,0.0,0.0
62.86,0.209,0.0,0.0
62.88,0.239,0.0,0.0
62.9,0.265,0.0,0.0
62.92,0.291,0.0,0.0
62.94,0.314,0.0,0.0
62.96,0.335,0.0,0.0
62.98,0.354,0.0,0.0
63.0,0.37,0.0,0.0
63.02,0.382,0.0,0.0
63.04,0.393,0.0,0.0
63.06,0.4,0.0,0.0
63.08,0.405,0.0,0.0
63.1,0.405,0.0,0.0
63.12,0.405,0.0,0.0
63.14,0.4,0.0,0.0
63.16,0.391,0.0,0.0
63.18,0.38,0.0,0.0
63.2,0.368,0.0,0.0
63.22,0.353,0.0,0.0
63.24,0.333,0.0,0.0
63.26,0.312,0.0,0.0
63.28,0.29,0.0,0.0
63.3,0.264,0.0,0.0
63.32,0.236,0.0,0.0
63.34,0.206,0.0,0.0
63.36,0.176,0.0,0.0
63.38,0.145,0.0,0.0
63.4,0.112,0.0,0.0
63.42,0.077,0.0,0.0
63.44,0.044,0.0,0.0
63.46,0.009,0.0,0.0
63.48,-0.026,0.0,0.0
63.5,-0.061,0.0,0.0
63.52,-0.094,0.0,0.0
63.54,-0.127,0.0,0.0
63.56,-0.161,0.0,0.0
63.58,-0.192,0.0,0.0
63.6,-0.22,0.0,0.0
63.62,-0.248,0.0,0.0
63.64,-0.274,0.0,0.0
63.66,-0.298,0.0,0.0
63.68,-0.319,0.0,0.0
63.7,-0.339,0.0,0.0
63.72,-0.356,0.0,0.0
63.74,-0.37,0.0,0.0
63.76,-0.38,0.0,0.0
63.78,-0.389,0.0,0.0
63.8,-0.394,0.0,0.0
63.82,-0.398,0.0,0.0
63.84,-0.398,0.0,0.0
63.86,-0.394,0.0,0.0
63.88,-0.389,0.0,0.0
63.9,-0.379,0.0,0.0
63.92,-0.368,0.0,0.0
63.94,-0.353,0.0,0.0
63.96,-0.337,0.0,0.0
63.98,-0.316,0.0,0.0
64.0,-0.295,0.0,0.0
64.02,-0.271,0.0,0.0
64.04,-0.244,0.0,0.0
64.06,-0.216,0.0,0.0
64.08,-0.187,0.0,0.0
64.1,-0.157,0.0,0.0
64.12,-0.124,0.0,0.0
64.14,-0.091,0.0,0.0
64.16,-0.058,0.0,0.0
64.18,-0.024,0.0,0.0
64.2,0.01,0.0,0.0
64.22,0.044,0.0,0.0
64.24,0.079,0.0,0.0
64.26,0.11,0.0,0.0
64.28,0.143,0.0,0.0
64.3,0.175,0.0,0.0
64.32,0.204,0.0,0.0
64.34,0.232,0.0,0.0
64.36,0.258,0.0,0.0
64.38,0.283,0.0,0.0
64.4,0.305,0.0,0.0
64.42,0.325,0.0,0.0
64.44,0.342,0.0,0.0
64.46,0.358,0.0,0.0
64.48,0.37,0.0,0.0
64.5,0.38,0.0,0.0
64.52,0.386,0.0,0.0
64.54,0.391,0.0,0.0
64.56,0.391,0.0,0.0
64.58,0.389,0.0,0.0
64.6,0.386,0.0,0.0
64.62,0.377,0.0,0.0
64.64,0.367,0.0,0.0
64.66,0.354,0.0,0.0
64.68,0.339,0.0,0.0
64.7,0.319,0.0,0.0
64.72,0.3,0.0,0.0
64.74,0.278,0.0,0.0
64.76,0.251,0.0,0.0
64.78,0.225,0.0,0.0
64.8,0.197,0.0,0.0
64.82,0.168,0.0,0.0
64.84,0.136,0.0,0.0
64.86,0.105,0.0,0.0
64.88,0.072,0.0,0.0
64.9,0.038,0.0,0.0
64.92,0.005,0.0,0.0
64.94,-0.028,0.0,0.0
64.96,-0.061,0.0,0.0
64.98,-0.094,0.0,0.0
65.0,-0.126,0.0,0.0
65.02,-0.157,0.0,0.0
65.04,-0.187,0.0,0.0
65.06,-0.215,0.0,0.0
65.08,-0.243,0.0,0.0
65.1,-0.267,0.0,0.0
65.12,-0.29,0.0,0.0
65.14,-0.311,0.0,0.0
65.16,-0.328,0.0,0.0
65.18,-0.344,0.0,0.0
65.2,-0.358,0.0,0.0
65.22,-0.368,0.0,0.0
65.24,-0.377,0.0,0.0
65.26,-0.382,0.0,0.0
65.28,-0.384,0.0,0.0
65.3,-0.384,0.0,0.0
65.32,-0.38,0.0,0.0
65.34,-0.374,0.0,0.0
65.36,-0.365,0.0,0.0
65.38,-0.353,0.0,0.0
65.4,-0.339,0.0,0.0
65.42,-0.323,0.0,0.0
65.44,-0.304,0.0,0.0
65.46,-0.283,0.0,0.0
65.48,-0.258,0.0,0.0
65.5,-0.234,0.0,0.0
65.52,-0.206,0.0,0.0
65.54,-0.178,0.0,0.0
65.56,-0.148,0.0,0.0
65.58,-0.117,0.0,0.0
65.6,-0.086,0.0,0.0
65.62,-0.052,0.0,0.0
65.64,-0.019,0.0,0.0
65.66,0.014,0.0,0.0
65.68,0.045,0.0,0.0
65.7,0.079,0.0,0.0
65.72,0.11,0.0,0.0
65.74,0.141,0.0,0.0
65.76,0.171,0.0,0.0
65.78,0.199,0.0,0.0
65.8,0.227,0.0,0.0
65.82,0.251,0.0,0.0
65.84,0.276,0.0,0.0
65.86,0.297,0.0,0.0
65.88,0.316,0.0,0.0
65.9,0.332,0.0,0.0
65.92,0.347,0.0,0.0
65.94,0.358,0.0,0.0
