Tiempo ,CONTROL,PID,ANGULO,REFERENCIA,PERTURBACION
-0.4,0.0,0.0,0.0,0.0,0.0
-0.38,0.0,0.0,0.0,0.0,0.0
-0.36,0.0,0.0,0.0,0.0,0.0
-0.34,0.0,0.0,0.0,0.0,0.0
-0.32,0.0,0.0,0.0,0.0,0.0
-0.3,0.0,0.0,0.0,0.0,0.0
-0.28,0.0,0.0,0.0,0.0,0.0
-0.26,0.0,0.0,0.0,0.0,0.0
-0.24,0.0,0.0,0.0,0.0,0.0
-0.22,0.0,0.0,0.0,0.0,0.0
-0.2,0.0,0.0,0.0,0.0,0.0
-0.18,0.0,0.0,0.0,0.0,0.0
-0.16,0.0,0.0,0.0,0.0,0.0
-0.14,0.0,0.0,0.0,0.0,0.0
-0.12,0.0,0.0,0.0,0.0,0.0
-0.1,0.0,0.0,0.0,0.0,0.0
-0.08,0.0,0.0,0.0,0.0,0.0
-0.06,0.0,0.0,0.0,0.0,0.0
-0.04,0.0,0.0,0.0,0.0,0.0
-0.02,0.0,0.0,0.0,0.0,0.0
0.0,0.0,0.0,-0.0,0.0,0.0
0.02,0.0,0.0,-0.0,0.0,0.0
0.04,0.158,0.158,-0.0,0.6,0.0
0.06,0.153,0.153,-0.0,0.6,0.0
0.08,0.15,0.15,-0.0,0.6,0.0
0.1,0.147,0.147,-0.0,0.6,0.0
0.12,0.146,0.146,-0.0,0.6,0.0
0.14,0.146,0.146,-0.0,0.6,0.0
0.16,0.146,0.146,-0.0,0.6,0.0
0.18,0.148,0.148,-0.0,0.6,0.0
0.2,0.15,0.15,-0.0,0.6,0.0
0.22,0.154,0.154,-0.0,0.6,0.0
0.24,0.158,0.158,-0.0,0.6,0.0
0.26,0.162,0.162,-0.0,0.6,0.0
0.28,0.168,0.168,-0.0,0.6,0.0
0.3,0.174,0.174,-0.0,0.6,0.0
0.32,0.181,0.181,-0.0,0.6,0.0
0.34,0.188,0.188,-0.0,0.6,0.0
0.36,0.196,0.196,-0.0,0.6,0.0
0.38,0.205,0.205,-0.0,0.6,0.0
0.4,0.214,0.214,-0.0,0.6,0.0
0.42,0.223,0.223,-0.0,0.6,0.0
0.44,0.234,0.234,-0.0,0.6,0.0
0.46,0.244,0.244,-0.0,0.6,0.0
0.48,0.255,0.255,-0.0,0.6,0.0
0.5,0.267,0.267,-0.0,0.6,0.0
0.52,0.278,0.278,-0.0,0.6,0.0
0.54,0.291,0.291,-0.0,0.6,0.0
0.56,0.303,0.303,-0.0,0.6,0.0
0.58,0.316,0.316,-0.0,0.6,0.0
0.6,0.33,0.33,-0.0,0.6,0.0
0.62,0.343,0.343,-0.0,0.6,0.0
0.64,0.357,0.357,-0.0,0.6,0.0
0.66,0.371,0.371,-0.0,0.6,0.0
0.68,0.386,0.386,-0.0,0.6,0.0
0.7,0.401,0.401,-0.0,0.6,0.0
0.72,0.416,0.416,-0.0,0.6,0.0
0.74,0.431,0.431,-0.0,0.6,0.0
0.76,0.447,0.447,-0.0,0.6,0.0
0.78,0.462,0.462,-0.0,0.6,0.0
0.8,0.478,0.478,-0.0,0.6,0.0
0.82,0.494,0.494,0.002,0.6,0.0
0.84,0.51,0.51,0.002,0.6,0.0
0.86,0.526,0.526,0.003,0.6,0.0
0.88,0.543,0.543,0.005,0.6,0.0
0.9,0.559,0.559,0.007,0.6,0.0
0.92,0.575,0.575,0.01,0.6,0.0
0.94,0.592,0.592,0.012,0.6,0.0
0.96,0.608,0.608,0.016,0.6,0.0
0.98,0.625,0.625,0.019,0.6,0.0
1.0,0.641,0.641,0.024,0.6,0.0
1.02,0.658,0.658,0.028,0.6,0.0
1.04,0.674,0.674,0.035,0.6,0.0
1.06,0.691,0.691,0.04,0.6,0.0
1.08,0.707,0.707,0.047,0.6,0.0
1.1,0.723,0.723,0.054,0.6,0.0
1.12,0.739,0.739,0.063,0.6,0.0
1.14,0.756,0.756,0.07,0.6,0.0
1.16,0.772,0.772,0.08,0.6,0.0
1.18,0.788,0.788,0.089,0.6,0.0
1.2,0.804,0.804,0.099,0.6,0.0
1.22,0.819,0.819,0.112,0.6,0.0
1.24,0.835,0.835,0.122,0.6,0.0
1.26,0.85,0.85,0.134,0.6,0.0
1.28,0.865,0.865,0.147,0.6,0.0
1.3,0.881,0.881,0.159,0.6,0.0
1.32,0.895,0.895,0.173,0.6,0.0
1.34,0.91,0.91,0.187,0.6,0.0
1.36,0.925,0.925,0.199,0.6,0.0
1.38,0.94,0.94,0.213,0.6,0.0
1.4,0.954,0.954,0.227,0.6,0.0
1.42,0.968,0.968,0.243,0.6,0.0
1.44,0.982,0.982,0.257,0.6,0.0
1.46,0.996,0.996,0.271,0.6,0.0
1.48,1.01,1.01,0.284,0.6,0.0
1.5,1.024,1.024,0.298,0.6,0.0
1.52,1.037,1.037,0.312,0.6,0.0
1.54,1.051,1.051,0.325,0.6,0.0
1.56,1.064,1.064,0.339,0.6,0.0
1.58,1.078,1.078,0.351,0.6,0.0
1.6,1.091,1.091,0.363,0.6,0.0
1.62,1.103,1.103,0.375,0.6,0.0
1.64,1.116,1.116,0.387,0.6,0.0
1.66,1.129,1.129,0.398,0.6,0.0
1.68,1.141,1.141,0.408,0.6,0.0
1.7,1.154,1.154,0.417,0.6,0.0
1.72,1.165,1.165,0.428,0.6,0.0
1.74,1.178,1.178,0.435,0.6,0.0
1.76,1.189,1.189,0.443,0.6,0.0
1.78,1.201,1.201,0.45,0.6,0.0
1.8,1.213,1.213,0.457,0.6,0.0
1.82,1.224,1.224,0.463,0.6,0.0
1.84,1.235,1.235,0.468,0.6,0.0
1.86,1.246,1.246,0.473,0.6,0.0
1.88,1.257,1.257,0.476,0.6,0.0
1.9,1.268,1.268,0.48,0.6,0.0
1.92,1.279,1.279,0.482,0.6,0.0
1.94,1.29,1.29,0.483,0.6,0.0
1.96,1.3,1.3,0.485,0.6,0.0
1.98,1.31,1.31,0.487,0.6,0.0
2.0,1.32,1.32,0.487,0.6,0.0
2.02,1.33,1.33,0.487,0.6,0.0
2.04,1.34,1.34,0.485,0.6,0.0
2.06,1.349,1.349,0.485,0.6,0.0
2.08,1.359,1.359,0.483,0.6,0.0
2.1,1.368,1.368,0.482,0.6,0.0
2.12,1.377,1.377,0.48,0.6,0.0
2.14,1.386,1.386,0.476,0.6,0.0
2.16,1.395,1.395,0.475,0.6,0.0
2.18,1.404,1.404,0.471,0.6,0.0
2.2,1.412,1.412,0.468,0.6,0.0
2.22,1.421,1.421,0.466,0.6,0.0
2.24,1.429,1.429,0.463,0.6,0.0
2.26,1.437,1.437,0.459,0.6,0.0
2.28,1.445,1.445,0.457,0.6,0.0
2.3,1.453,1.453,0.454,0.6,0.0
2.32,1.46,1.46,0.452,0.6,0.0
2.34,1.468,1.468,0.449,0.6,0.0
2.36,1.475,1.475,0.447,0.6,0.0
2.38,1.482,1.482,0.445,0.6,0.0
2.4,1.489,1.489,0.443,0.6,0.0
2.42,1.496,1.496,0.442,0.6,0.0
2.44,1.503,1.503,0.44,0.6,0.0
2.46,1.509,1.509,0.44,0.6,0.0
2.48,1.515,1.515,0.44,0.6,0.0
2.5,1.521,1.521,0.44,0.6,0.0
2.52,1.528,1.528,0.44,0.6,0.0
2.54,1.533,1.533,0.442,0.6,0.0
2.56,1.539,1.539,0.443,0.6,0.0
2.58,1.545,1.545,0.445,0.6,0.0
2.6,1.55,1.55,0.447,0.6,0.0
2.62,1.555,1.555,0.45,0.6,0.0
2.64,1.561,1.561,0.454,0.6,0.0
2.66,1.566,1.566,0.457,0.6,0.0
2.68,1.571,1.571,0.461,0.6,0.0
2.7,1.576,1.576,0.466,0.6,0.0
2.72,1.58,1.58,0.471,0.6,0.0
2.74,1.585,1.585,0.476,0.6,0.0
2.76,1.589,1.589,0.482,0.6,0.0
2.78,1.594,1.594,0.487,0.6,0.0
2.8,1.598,1.598,0.494,0.6,0.0
2.82,1.602,1.602,0.501,0.6,0.0
2.84,1.606,1.606,0.508,0.6,0.0
2.86,1.61,1.61,0.515,0.6,0.0
2.88,1.613,1.613,0.522,0.6,0.0
2.9,1.617,1.617,0.529,0.6,0.0
2.92,1.621,1.621,0.536,0.6,0.0
2.94,1.624,1.624,0.543,0.6,0.0
2.96,1.628,1.628,0.55,0.6,0.0
2.98,1.631,1.631,0.557,0.6,0.0
3.0,1.634,1.634,0.565,0.6,0.0
3.02,1.637,1.637,0.572,0.6,0.0
3.04,1.64,1.64,0.579,0.6,0.0
3.06,1.643,1.643,0.586,0.6,0.0
3.08,1.646,1.646,0.592,0.6,0.0
3.1,1.649,1.649,0.599,0.6,0.0
3.12,1.652,1.652,0.604,0.6,0.0
3.14,1.654,1.654,0.611,0.6,0.0
3.16,1.657,1.657,0.616,0.6,0.0
3.18,1.659,1.659,0.621,0.6,0.0
3.2,1.662,1.662,0.627,0.6,0.0
3.22,1.664,1.664,0.63,0.6,0.0
3.24,1.666,1.666,0.635,0.6,0.0
3.26,1.669,1.669,0.639,0.6,0.0
3.28,1.671,1.671,0.642,0.6,0.0
3.3,1.673,1.673,0.644,0.6,0.0
3.32,1.675,1.675,0.648,0.6,0.0
3.34,1.677,1.677,0.649,0.6,0.0
3.36,1.679,1.679,0.651,0.6,0.0
3.38,1.681,1.681,0.651,0.6,0.0
3.4,1.683,1.683,0.651,0.6,0.0
3.42,1.685,1.685,0.651,0.6,0.0
3.44,1.687,1.687,0.651,0.6,0.0
3.46,1.688,1.688,0.651,0.6,0.0
3.48,1.69,1.69,0.649,0.6,0.0
3.5,1.692,1.692,0.648,0.6,0.0
3.52,1.693,1.693,0.646,0.6,0.0
3.54,1.695,1.695,0.642,0.6,0.0
3.56,1.696,1.696,0.641,0.6,0.0
3.58,1.698,1.698,0.637,0.6,0.0
3.6,1.699,1.699,0.634,0.6,0.0
3.62,1.701,1.701,0.63,0.6,0.0
3.64,1.702,1.702,0.625,0.6,0.0
3.66,1.704,1.704,0.621,0.6,0.0
3.68,1.705,1.705,0.616,0.6,0.0
3.7,1.706,1.706,0.613,0.6,0.0
3.72,1.708,1.708,0.607,0.6,0.0
3.74,1.709,1.709,0.602,0.6,0.0
3.76,1.71,1.71,0.597,0.6,0.0
3.78,1.711,1.711,0.592,0.6,0.0
3.8,1.712,1.712,0.588,0.6,0.0
3.82,1.713,1.713,0.583,0.6,0.0
3.84,1.715,1.715,0.578,0.6,0.0
3.86,1.716,1.716,0.572,0.6,0.0
3.88,1.717,1.717,0.567,0.6,0.0
3.9,1.718,1.718,0.562,0.6,0.0
3.92,1.719,1.719,0.559,0.6,0.0
3.94,1.72,1.72,0.553,0.6,0.0
3.96,1.721,1.721,0.55,0.6,0.0
3.98,1.722,1.722,0.546,0.6,0.0
4.0,1.723,1.723,0.543,0.6,0.0
4.02,1.724,1.724,0.539,0.6,0.0
4.04,1.725,1.725,0.538,0.6,0.0
4.06,1.726,1.726,0.534,0.6,0.0
4.08,1.726,1.726,0.532,0.6,0.0
4.1,1.727,1.727,0.531,0.6,0.0
4.12,1.728,1.728,0.531,0.6,0.0
4.14,1.729,1.729,0.529,0.6,0.0
4.16,1.729,1.729,0.529,0.6,0.0
4.18,1.73,1.73,0.529,0.6,0.0
4.2,1.73,1.73,0.531,0.6,0.0
4.22,1.731,1.731,0.531,0.6,0.0
4.24,1.732,1.732,0.532,0.6,0.0
4.26,1.732,1.732,0.534,0.6,0.0
4.28,1.733,1.733,0.536,0.6,0.0
4.3,1.733,1.733,0.539,0.6,0.0
4.32,1.734,1.734,0.541,0.6,0.0
4.34,1.734,1.734,0.545,0.6,0.0
4.36,1.734,1.734,0.548,0.6,0.0
4.38,1.734,1.734,0.553,0.6,0.0
4.4,1.735,1.735,0.557,0.6,0.0
4.42,1.735,1.735,0.56,0.6,0.0
4.44,1.736,1.736,0.565,0.6,0.0
4.46,1.736,1.736,0.569,0.6,0.0
4.48,1.736,1.736,0.574,0.6,0.0
4.5,1.736,1.736,0.579,0.6,0.0
4.52,1.737,1.737,0.585,0.6,0.0
4.54,1.737,1.737,0.59,0.6,0.0
4.56,1.737,1.737,0.593,0.6,0.0
4.58,1.738,1.738,0.599,0.6,0.0
4.6,1.738,1.738,0.604,0.6,0.0
4.62,1.738,1.738,0.609,0.6,0.0
4.64,1.738,1.738,0.613,0.6,0.0
4.66,1.738,1.738,0.618,0.6,0.0
4.68,1.738,1.738,0.623,0.6,0.0
4.7,1.739,1.739,0.627,0.6,0.0
4.72,1.739,1.739,0.63,0.6,0.0
4.74,1.739,1.739,0.634,0.6,0.0
4.76,1.739,1.739,0.637,0.6,0.0
4.78,1.74,1.74,0.641,0.6,0.0
4.8,1.74,1.74,0.644,0.6,0.0
4.82,1.74,1.74,0.646,0.6,0.0
4.84,1.74,1.74,0.648,0.6,0.0
4.86,1.74,1.74,0.651,0.6,0.0
4.88,1.741,1.741,0.651,0.6,0.0
4.9,1.741,1.741,0.653,0.6,0.0
4.92,1.741,1.741,0.653,0.6,0.0
4.94,1.741,1.741,0.654,0.6,0.0
4.96,1.741,1.741,0.654,0.6,0.0
4.98,1.741,1.741,0.654,0.6,0.0
5.0,1.742,1.742,0.653,0.6,0.0
5.02,1.742,1.742,0.653,0.6,0.0
5.04,1.742,1.742,0.651,0.6,0.0
5.06,1.742,1.742,0.649,0.6,0.0
5.08,1.742,1.742,0.648,0.6,0.0
5.1,1.743,1.743,0.644,0.6,0.0
5.12,1.743,1.743,0.642,0.6,0.0
5.14,1.743,1.743,0.639,0.6,0.0
5.16,1.743,1.743,0.635,0.6,0.0
5.18,1.744,1.744,0.632,0.6,0.0
5.2,1.744,1.744,0.628,0.6,0.0
5.22,1.744,1.744,0.625,0.6,0.0
5.24,1.745,1.745,0.62,0.6,0.0
5.26,1.745,1.745,0.616,0.6,0.0
5.28,1.745,1.745,0.611,0.6,0.0
5.3,1.745,1.745,0.607,0.6,0.0
5.32,1.746,1.746,0.602,0.6,0.0
5.34,1.746,1.746,0.599,0.6,0.0
5.36,1.746,1.746,0.593,0.6,0.0
5.38,1.747,1.747,0.588,0.6,0.0
5.4,1.747,1.747,0.585,0.6,0.0
5.42,1.747,1.747,0.581,0.6,0.0
5.44,1.748,1.748,0.576,0.6,0.0
5.46,1.748,1.748,0.572,0.6,0.0
5.48,1.748,1.748,0.569,0.6,0.0
5.5,1.748,1.748,0.565,0.6,0.0
5.52,1.748,1.748,0.562,0.6,0.0
5.54,1.748,1.748,0.56,0.6,0.0
5.56,1.749,1.749,0.557,0.6,0.0
5.58,1.749,1.749,0.555,0.6,0.0
5.6,1.749,1.749,0.552,0.6,0.0
5.62,1.749,1.749,0.55,0.6,0.0
5.64,1.749,1.749,0.55,0.6,0.0
5.66,1.75,1.75,0.548,0.6,0.0
5.68,1.749,1.749,0.548,0.6,0.0
5.7,1.75,1.75,0.546,0.6,0.0
5.72,1.75,1.75,0.546,0.6,0.0
5.74,1.75,1.75,0.546,0.6,0.0
5.76,1.75,1.75,0.548,0.6,0.0
5.78,1.75,1.75,0.548,0.6,0.0
5.8,1.75,1.75,0.55,0.6,0.0
5.82,1.75,1.75,0.552,0.6,0.0
5.84,1.75,1.75,0.553,0.6,0.0
5.86,1.75,1.75,0.555,0.6,0.0
5.88,1.75,1.75,0.559,0.6,0.0
5.9,1.75,1.75,0.56,0.6,0.0
5.92,1.75,1.75,0.564,0.6,0.0
5.94,1.75,1.75,0.567,0.6,0.0
5.96,1.75,1.75,0.571,0.6,0.0
5.98,1.75,1.75,0.574,0.6,0.0
6.0,1.75,1.75,0.578,0.6,0.0
6.02,1.75,1.75,0.583,0.6,0.0
6.04,1.75,1.75,0.586,0.6,0.0
6.06,1.75,1.75,0.59,0.6,0.0
6.08,1.749,1.749,0.595,0.6,0.0
6.1,1.75,1.75,0.599,0.6,0.0
6.12,1.749,1.749,0.604,0.6,0.0
6.14,1.749,1.749,0.609,0.6,0.0
6.16,1.749,1.749,0.613,0.6,0.0
6.18,1.749,1.749,0.616,0.6,0.0
6.2,1.748,1.748,0.621,0.6,0.0
6.22,1.748,1.748,0.625,0.6,0.0
6.24,1.748,1.748,0.628,0.6,0.0
6.26,1.748,1.748,0.634,0.6,0.0
6.28,1.748,1.748,0.637,0.6,0.0
6.3,1.747,1.747,0.641,0.6,0.0
6.32,1.747,1.747,0.642,0.6,0.0
6.34,1.747,1.747,0.646,0.6,0.0
6.36,1.747,1.747,0.649,0.6,0.0
6.38,1.747,1.747,0.651,0.6,0.0
6.4,1.746,1.746,0.653,0.6,0.0
6.42,1.746,1.746,0.654,0.6,0.0
6.44,1.746,1.746,0.656,0.6,0.0
6.46,1.746,1.746,0.658,0.6,0.0
6.48,1.746,1.746,0.658,0.6,0.0
6.5,1.745,1.745,0.66,0.6,0.0
6.52,1.745,1.745,0.66,0.6,0.0
6.54,1.745,1.745,0.66,0.6,0.0
6.56,1.744,1.744,0.66,0.6,0.0
6.58,1.744,1.744,0.66,0.6,0.0
6.6,1.744,1.744,0.658,0.6,0.0
6.62,1.744,1.744,0.656,0.6,0.0
6.64,1.743,1.743,0.656,0.6,0.0
6.66,1.743,1.743,0.654,0.6,0.0
6.68,1.743,1.743,0.651,0.6,0.0
6.7,1.743,1.743,0.649,0.6,0.0
6.72,1.743,1.743,0.646,0.6,0.0
6.74,1.742,1.742,0.644,0.6,0.0
6.76,1.742,1.742,0.641,0.6,0.0
6.78,1.742,1.742,0.637,0.6,0.0
6.8,1.742,1.742,0.634,0.6,0.0
6.82,1.742,1.742,0.63,0.6,0.0
6.84,1.742,1.742,0.625,0.6,0.0
6.86,1.742,1.742,0.621,0.6,0.0
6.88,1.742,1.742,0.616,0.6,0.0
6.9,1.742,1.742,0.613,0.6,0.0
6.92,1.742,1.742,0.607,0.6,0.0
6.94,1.742,1.742,0.602,0.6,0.0
6.96,1.742,1.742,0.599,0.6,0.0
6.98,1.742,1.742,0.593,0.6,0.0
7.0,1.742,1.742,0.588,0.6,0.0
7.02,1.742,1.742,0.583,0.6,0.0
7.04,1.742,1.742,0.579,0.6,0.0
7.06,1.743,1.743,0.574,0.6,0.0
7.08,1.742,1.742,0.571,0.6,0.0
7.1,1.743,1.743,0.565,0.6,0.0
7.12,1.743,1.743,0.562,0.6,0.0
7.14,1.743,1.743,0.559,0.6,0.0
7.16,1.744,1.744,0.553,0.6,0.0
7.18,1.744,1.744,0.55,0.6,0.0
7.2,1.744,1.744,0.546,0.6,0.0
7.22,1.744,1.744,0.545,0.6,0.0
7.24,1.744,1.744,0.541,0.6,0.0
7.26,1.745,1.745,0.539,0.6,0.0
7.28,1.745,1.745,0.538,0.6,0.0
7.3,1.745,1.745,0.536,0.6,0.0
7.32,1.745,1.745,0.534,0.6,0.0
7.34,1.746,1.746,0.532,0.6,0.0
7.36,1.746,1.746,0.532,0.6,0.0
7.38,1.746,1.746,0.532,0.6,0.0
7.4,1.746,1.746,0.532,0.6,0.0
7.42,1.747,1.747,0.532,0.6,0.0
7.44,1.747,1.747,0.534,0.6,0.0
7.46,1.747,1.747,0.536,0.6,0.0
7.48,1.747,1.747,0.538,0.6,0.0
7.5,1.747,1.747,0.539,0.6,0.0
7.52,1.747,1.747,0.543,0.6,0.0
7.54,1.747,1.747,0.546,0.6,0.0
7.56,1.747,1.747,0.55,0.6,0.0
7.58,1.747,1.747,0.553,0.6,0.0
7.6,1.747,1.747,0.559,0.6,0.0
7.62,1.747,1.747,0.562,0.6,0.0
7.64,1.747,1.747,0.567,0.6,0.0
7.66,1.747,1.747,0.572,0.6,0.0
7.68,1.747,1.747,0.578,0.6,0.0
7.7,1.747,1.747,0.583,0.6,0.0
7.72,1.747,1.747,0.588,0.6,0.0
7.74,1.747,1.747,0.593,0.6,0.0
7.76,1.746,1.746,0.599,0.6,0.0
7.78,1.746,1.746,0.604,0.6,0.0
7.8,1.746,1.746,0.609,0.6,0.0
7.82,1.746,1.746,0.616,0.6,0.0
7.84,1.746,1.746,0.621,0.6,0.0
7.86,1.745,1.745,0.627,0.6,0.0
7.88,1.745,1.745,0.632,0.6,0.0
7.9,1.745,1.745,0.635,0.6,0.0
7.92,1.745,1.745,0.641,0.6,0.0
7.94,1.745,1.745,0.646,0.6,0.0
7.96,1.745,1.745,0.649,0.6,0.0
7.98,1.744,1.744,0.654,0.6,0.0
8.0,1.744,1.744,0.658,0.6,0.0
8.02,1.744,1.744,0.661,0.6,0.0
8.04,1.743,1.743,0.665,0.6,0.0
8.06,1.743,1.743,0.667,0.6,0.0
8.08,1.743,1.743,0.67,0.6,0.0
8.1,1.742,1.742,0.672,0.6,0.0
8.12,1.742,1.742,0.674,0.6,0.0
8.14,1.742,1.742,0.674,0.6,0.0
8.16,1.742,1.742,0.675,0.6,0.0
8.18,1.741,1.741,0.675,0.6,0.0
8.2,1.742,1.742,0.674,0.6,0.0
8.22,1.741,1.741,0.674,0.6,0.0
8.24,1.741,1.741,0.672,0.6,0.0
8.26,1.741,1.741,0.67,0.6,0.0
8.28,1.741,1.741,0.668,0.6,0.0
8.3,1.741,1.741,0.665,0.6,0.0
8.32,1.741,1.741,0.663,0.6,0.0
8.34,1.741,1.741,0.66,0.6,0.0
8.36,1.74,1.74,0.656,0.6,0.0
8.38,1.741,1.741,0.651,0.6,0.0
8.4,1.741,1.741,0.646,0.6,0.0
8.42,1.741,1.741,0.642,0.6,0.0
8.44,1.741,1.741,0.637,0.6,0.0
8.46,1.741,1.741,0.632,0.6,0.0
8.48,1.741,1.741,0.625,0.6,0.0
8.5,1.741,1.741,0.62,0.6,0.0
8.52,1.741,1.741,0.614,0.6,0.0
8.54,1.741,1.741,0.607,0.6,0.0
8.56,1.741,1.741,0.602,0.6,0.0
8.58,1.742,1.742,0.595,0.6,0.0
8.6,1.742,1.742,0.588,0.6,0.0
8.62,1.742,1.742,0.583,0.6,0.0
8.64,1.743,1.743,0.576,0.6,0.0
8.66,1.743,1.743,0.571,0.6,0.0
8.68,1.743,1.743,0.565,0.6,0.0
8.7,1.744,1.744,0.559,0.6,0.0
8.72,1.744,1.744,0.553,0.6,0.0
8.74,1.744,1.744,0.548,0.6,0.0
8.76,1.744,1.744,0.543,0.6,0.0
8.78,1.744,1.744,0.539,0.6,0.0
8.8,1.745,1.745,0.534,0.6,0.0
8.82,1.745,1.745,0.531,0.6,0.0
8.84,1.746,1.746,0.527,0.6,0.0
8.86,1.746,1.746,0.524,0.6,0.0
8.88,1.746,1.746,0.522,0.6,0.0
8.9,1.746,1.746,0.52,0.6,0.0
8.92,1.747,1.747,0.518,0.6,0.0
8.94,1.747,1.747,0.518,0.6,0.0
8.96,1.747,1.747,0.517,0.6,0.0
8.98,1.747,1.747,0.517,0.6,0.0
9.0,1.747,1.747,0.518,0.6,0.0
9.02,1.747,1.747,0.52,0.6,0.0
9.04,1.747,1.747,0.522,0.6,0.0
9.06,1.748,1.748,0.524,0.6,0.0
9.08,1.747,1.747,0.527,0.6,0.0
9.1,1.748,1.748,0.529,0.6,0.0
9.12,1.748,1.748,0.534,0.6,0.0
9.14,1.748,1.748,0.538,0.6,0.0
9.16,1.747,1.747,0.543,0.6,0.0
9.18,1.748,1.748,0.546,0.6,0.0
9.2,1.748,1.748,0.552,0.6,0.0
9.22,1.747,1.747,0.559,0.6,0.0
9.24,1.747,1.747,0.564,0.6,0.0
9.26,1.747,1.747,0.569,0.6,0.0
9.28,1.747,1.747,0.576,0.6,0.0
9.3,1.747,1.747,0.583,0.6,0.0
9.32,1.747,1.747,0.588,0.6,0.0
9.34,1.747,1.747,0.595,0.6,0.0
9.36,1.746,1.746,0.602,0.6,0.0
9.38,1.746,1.746,0.609,0.6,0.0
9.4,1.746,1.746,0.614,0.6,0.0
9.42,1.746,1.746,0.621,0.6,0.0
9.44,1.746,1.746,0.628,0.6,0.0
9.46,1.746,1.746,0.634,0.6,0.0
9.48,1.745,1.745,0.641,0.6,0.0
9.5,1.745,1.745,0.646,0.6,0.0
9.52,1.745,1.745,0.651,0.6,0.0
9.54,1.744,1.744,0.656,0.6,0.0
9.56,1.744,1.744,0.661,0.6,0.0
9.58,1.744,1.744,0.665,0.6,0.0
9.6,1.744,1.744,0.67,0.6,0.0
9.62,1.743,1.743,0.674,0.6,0.0
9.64,1.743,1.743,0.677,0.6,0.0
9.66,1.743,1.743,0.679,0.6,0.0
9.68,1.742,1.742,0.682,0.6,0.0
9.7,1.742,1.742,0.684,0.6,0.0
9.72,1.742,1.742,0.684,0.6,0.0
9.74,1.742,1.742,0.686,0.6,0.0
9.76,1.742,1.742,0.686,0.6,0.0
9.78,1.741,1.741,0.686,0.6,0.0
9.8,1.742,1.742,0.684,0.6,0.0
9.82,1.742,1.742,0.682,0.6,0.0
9.84,1.741,1.741,0.681,0.6,0.0
9.86,1.742,1.742,0.677,0.6,0.0
9.88,1.741,1.741,0.675,0.6,0.0
9.9,1.741,1.741,0.672,0.6,0.0
9.92,1.741,1.741,0.667,0.6,0.0
9.94,1.741,1.741,0.663,0.6,0.0
9.96,1.741,1.741,0.658,0.6,0.0
9.98,1.741,1.741,0.653,0.6,0.0
10.0,1.741,1.741,0.648,0.6,0.0
10.02,1.742,1.742,0.641,0.6,0.0
10.04,1.742,1.742,0.635,0.6,0.0
10.06,1.742,1.742,0.628,0.6,0.0
10.08,1.742,1.742,0.621,0.6,0.0
10.1,1.742,1.742,0.614,0.6,0.0
10.12,1.742,1.742,0.609,0.6,0.0
10.14,1.742,1.742,0.602,0.6,0.0
10.16,1.743,1.743,0.595,0.6,0.0
10.18,1.743,1.743,0.588,0.6,0.0
10.2,1.743,1.743,0.581,0.6,0.0
10.22,1.743,1.743,0.574,0.6,0.0
10.24,1.744,1.744,0.567,0.6,0.0
10.26,1.744,1.744,0.56,0.6,0.0
10.28,1.744,1.744,0.555,0.6,0.0
10.3,1.745,1.745,0.548,0.6,0.0
10.32,1.745,1.745,0.543,0.6,0.0
10.34,1.745,1.745,0.538,0.6,0.0
10.36,1.746,1.746,0.532,0.6,0.0
10.38,1.746,1.746,0.527,0.6,0.0
10.4,1.746,1.746,0.524,0.6,0.0
10.42,1.747,1.747,0.52,0.6,0.0
10.44,1.747,1.747,0.517,0.6,0.0
10.46,1.747,1.747,0.515,0.6,0.0
10.48,1.747,1.747,0.513,0.6,0.0
10.5,1.747,1.747,0.511,0.6,0.0
10.52,1.747,1.747,0.511,0.6,0.0
10.54,1.748,1.748,0.51,0.6,0.0
10.56,1.748,1.748,0.511,0.6,0.0
10.58,1.748,1.748,0.511,0.6,0.0
10.6,1.748,1.748,0.513,0.6,0.0
10.62,1.748,1.748,0.515,0.6,0.0
10.64,1.748,1.748,0.518,0.6,0.0
10.66,1.749,1.749,0.52,0.6,0.0
10.68,1.749,1.749,0.524,0.6,0.0
10.7,1.748,1.748,0.529,0.6,0.0
10.72,1.749,1.749,0.532,0.6,0.0
10.74,1.748,1.748,0.538,0.6,0.0
10.76,1.748,1.748,0.543,0.6,0.0
10.78,1.748,1.748,0.548,0.6,0.0
10.8,1.748,1.748,0.555,0.6,0.0
10.82,1.748,1.748,0.56,0.6,0.0
10.84,1.748,1.748,0.567,0.6,0.0
10.86,1.748,1.748,0.574,0.6,0.0
10.88,1.748,1.748,0.581,0.6,0.0
10.9,1.747,1.747,0.588,0.6,0.0
10.92,1.747,1.747,0.595,0.6,0.0
10.94,1.747,1.747,0.602,0.6,0.0
10.96,1.747,1.747,0.609,0.6,0.0
10.98,1.747,1.747,0.616,0.6,0.0
11.0,1.747,1.747,0.621,0.6,0.0
11.02,1.747,1.747,0.628,0.6,0.0
11.04,1.746,1.746,0.635,0.6,0.0
11.06,1.746,1.746,0.641,0.6,0.0
11.08,1.746,1.746,0.648,0.6,0.0
11.1,1.746,1.746,0.653,0.6,0.0
11.12,1.746,1.746,0.658,0.6,0.0
11.14,1.745,1.745,0.663,0.6,0.0
11.16,1.745,1.745,0.668,0.6,0.0
11.18,1.745,1.745,0.672,0.6,0.0
11.2,1.745,1.745,0.675,0.6,0.0
11.22,1.745,1.745,0.679,0.6,0.0
11.24,1.744,1.744,0.682,0.6,0.0
11.26,1.744,1.744,0.684,0.6,0.0
11.28,1.744,1.744,0.686,0.6,0.0
11.3,1.744,1.744,0.688,0.6,0.0
11.32,1.744,1.744,0.688,0.6,0.0
11.34,1.743,1.743,0.688,0.6,0.0
11.36,1.743,1.743,0.688,0.6,0.0
11.38,1.743,1.743,0.688,0.6,0.0
11.4,1.743,1.743,0.686,0.6,0.0
11.42,1.743,1.743,0.684,0.6,0.0
11.44,1.742,1.742,0.682,0.6,0.0
11.46,1.742,1.742,0.679,0.6,0.0
11.48,1.742,1.742,0.675,0.6,0.0
11.5,1.742,1.742,0.672,0.6,0.0
11.52,1.743,1.743,0.667,0.6,0.0
11.54,1.743,1.743,0.661,0.6,0.0
11.56,1.743,1.743,0.656,0.6,0.0
11.58,1.743,1.743,0.651,0.6,0.0
11.6,1.743,1.743,0.646,0.6,0.0
11.62,1.743,1.743,0.639,0.6,0.0
11.64,1.743,1.743,0.632,0.6,0.0
11.66,1.743,1.743,0.627,0.6,0.0
11.68,1.743,1.743,0.62,0.6,0.0
11.7,1.743,1.743,0.613,0.6,0.0
11.72,1.743,1.743,0.606,0.6,0.0
11.74,1.744,1.744,0.597,0.6,0.0
11.76,1.744,1.744,0.59,0.6,0.0
11.78,1.744,1.744,0.583,0.6,0.0
11.8,1.745,1.745,0.576,0.6,0.0
11.82,1.745,1.745,0.569,0.6,0.0
11.84,1.745,1.745,0.564,0.6,0.0
11.86,1.745,1.745,0.557,0.6,0.0
11.88,1.746,1.746,0.55,0.6,0.0
11.9,1.746,1.746,0.545,0.6,0.0
11.92,1.746,1.746,0.539,0.6,0.0
11.94,1.746,1.746,0.534,0.6,0.0
11.96,1.746,1.746,0.531,0.6,0.0
11.98,1.747,1.747,0.525,0.6,0.0
12.0,1.747,1.747,0.522,0.6,0.0
12.02,1.747,1.747,0.518,0.6,0.0
12.04,1.747,1.747,0.517,0.6,0.0
12.06,1.747,1.747,0.515,0.6,0.0
12.08,1.747,1.747,0.513,0.6,0.0
12.1,1.748,1.748,0.511,0.6,0.0
12.12,1.748,1.748,0.511,0.6,0.0
12.14,1.748,1.748,0.511,0.6,0.0
12.16,1.748,1.748,0.513,0.6,0.0
12.18,1.748,1.748,0.513,0.6,0.0
12.2,1.748,1.748,0.515,0.6,0.0
12.22,1.748,1.748,0.518,0.6,0.0
12.24,1.748,1.748,0.52,0.6,0.0
12.26,1.748,1.748,0.524,0.6,0.0
12.28,1.748,1.748,0.527,0.6,0.0
12.3,1.748,1.748,0.532,0.6,0.0
12.32,1.748,1.748,0.536,0.6,0.0
12.34,1.748,1.748,0.541,0.6,0.0
12.36,1.748,1.748,0.546,0.6,0.0
12.38,1.748,1.748,0.552,0.6,0.0
12.4,1.748,1.748,0.559,0.6,0.0
12.42,1.748,1.748,0.564,0.6,0.0
12.44,1.748,1.748,0.571,0.6,0.0
12.46,1.748,1.748,0.576,0.6,0.0
12.48,1.748,1.748,0.583,0.6,0.0
12.5,1.748,1.748,0.59,0.6,0.0
12.52,1.748,1.748,0.597,0.6,0.0
12.54,1.747,1.747,0.604,0.6,0.0
12.56,1.747,1.747,0.611,0.6,0.0
12.58,1.747,1.747,0.616,0.6,0.0
12.6,1.747,1.747,0.623,0.6,0.0
12.62,1.747,1.747,0.63,0.6,0.0
12.64,1.747,1.747,0.635,0.6,0.0
12.66,1.746,1.746,0.642,0.6,0.0
12.68,1.746,1.746,0.648,0.6,0.0
12.7,1.746,1.746,0.653,0.6,0.0
12.72,1.746,1.746,0.658,0.6,0.0
12.74,1.746,1.746,0.663,0.6,0.0
12.76,1.746,1.746,0.667,0.6,0.0
12.78,1.746,1.746,0.67,0.6,0.0
12.8,1.745,1.745,0.674,0.6,0.0
12.82,1.745,1.745,0.677,0.6,0.0
12.84,1.745,1.745,0.679,0.6,0.0
12.86,1.745,1.745,0.681,0.6,0.0
12.88,1.745,1.745,0.682,0.6,0.0
12.9,1.745,1.745,0.684,0.6,0.0
12.92,1.745,1.745,0.684,0.6,0.0
12.94,1.744,1.744,0.684,0.6,0.0
12.96,1.744,1.744,0.684,0.6,0.0
12.98,1.744,1.744,0.682,0.6,0.0
13.0,1.744,1.744,0.682,0.6,0.0
13.02,1.744,1.744,0.679,0.6,0.0
13.04,1.744,1.744,0.677,0.6,0.0
13.06,1.744,1.744,0.674,0.6,0.0
13.08,1.744,1.744,0.67,0.6,0.0
13.1,1.744,1.744,0.667,0.6,0.0
13.12,1.743,1.743,0.663,0.6,0.0
13.14,1.744,1.744,0.658,0.6,0.0
13.16,1.744,1.744,0.653,0.6,0.0
13.18,1.744,1.744,0.648,0.6,0.0
13.2,1.744,1.744,0.642,0.6,0.0
13.22,1.744,1.744,0.635,0.6,0.0
13.24,1.744,1.744,0.63,0.6,0.0
13.26,1.744,1.744,0.623,0.6,0.0
13.28,1.744,1.744,0.616,0.6,0.0
13.3,1.744,1.744,0.611,0.6,0.0
13.32,1.744,1.744,0.604,0.6,0.0
13.34,1.745,1.745,0.597,0.6,0.0
13.36,1.745,1.745,0.59,0.6,0.0
13.38,1.745,1.745,0.583,0.6,0.0
13.4,1.745,1.745,0.578,0.6,0.0
13.42,1.746,1.746,0.571,0.6,0.0
13.44,1.745,1.745,0.565,0.6,0.0
13.46,1.746,1.746,0.559,0.6,0.0
13.48,1.746,1.746,0.553,0.6,0.0
13.5,1.746,1.746,0.548,0.6,0.0
13.52,1.747,1.747,0.543,0.6,0.0
13.54,1.746,1.746,0.539,0.6,0.0
13.56,1.747,1.747,0.534,0.6,0.0
13.58,1.747,1.747,0.531,0.6,0.0
13.6,1.747,1.747,0.529,0.6,0.0
13.62,1.747,1.747,0.525,0.6,0.0
13.64,1.747,1.747,0.524,0.6,0.0
13.66,1.747,1.747,0.522,0.6,0.0
13.68,1.747,1.747,0.52,0.6,0.0
13.7,1.747,1.747,0.52,0.6,0.0
13.72,1.747,1.747,0.52,0.6,0.0
13.74,1.748,1.748,0.52,0.6,0.0
13.76,1.748,1.748,0.52,0.6,0.0
13.78,1.748,1.748,0.522,0.6,0.0
13.8,1.748,1.748,0.524,0.6,0.0
13.82,1.747,1.747,0.527,0.6,0.0
13.84,1.748,1.748,0.529,0.6,0.0
13.86,1.748,1.748,0.532,0.6,0.0
13.88,1.748,1.748,0.536,0.6,0.0
13.9,1.747,1.747,0.541,0.6,0.0
13.92,1.747,1.747,0.545,0.6,0.0
13.94,1.747,1.747,0.55,0.6,0.0
13.96,1.747,1.747,0.555,0.6,0.0
13.98,1.747,1.747,0.56,0.6,0.0
14.0,1.747,1.747,0.565,0.6,0.0
14.02,1.747,1.747,0.572,0.6,0.0
14.04,1.747,1.747,0.578,0.6,0.0
14.06,1.746,1.746,0.585,0.6,0.0
14.08,1.746,1.746,0.59,0.6,0.0
14.1,1.746,1.746,0.597,0.6,0.0
14.12,1.746,1.746,0.602,0.6,0.0
14.14,1.746,1.746,0.609,0.6,0.0
14.16,1.746,1.746,0.614,0.6,0.0
14.18,1.745,1.745,0.621,0.6,0.0
14.2,1.745,1.745,0.627,0.6,0.0
14.22,1.745,1.745,0.632,0.6,0.0
14.24,1.745,1.745,0.637,0.6,0.0
14.26,1.745,1.745,0.642,0.6,0.0
14.28,1.745,1.745,0.648,0.6,0.0
14.3,1.744,1.744,0.653,0.6,0.0
14.32,1.744,1.744,0.656,0.6,0.0
14.34,1.744,1.744,0.66,0.6,0.0
14.36,1.744,1.744,0.665,0.6,0.0
14.38,1.744,1.744,0.667,0.6,0.0
14.4,1.743,1.743,0.67,0.6,0.0
14.42,1.743,1.743,0.672,0.6,0.0
14.44,1.743,1.743,0.674,0.6,0.0
14.46,1.743,1.743,0.675,0.6,0.0
14.48,1.743,1.743,0.677,0.6,0.0
14.5,1.743,1.743,0.677,0.6,0.0
14.52,1.743,1.743,0.677,0.6,0.0
14.54,1.742,1.742,0.677,0.6,0.0
14.56,1.742,1.742,0.675,0.6,0.0
14.58,1.742,1.742,0.674,0.6,0.0
14.6,1.742,1.742,0.672,0.6,0.0
14.62,1.743,1.743,0.668,0.6,0.0
14.64,1.742,1.742,0.667,0.6,0.0
14.66,1.742,1.742,0.663,0.6,0.0
14.68,1.742,1.742,0.66,0.6,0.0
14.7,1.743,1.743,0.654,0.6,0.0
14.72,1.742,1.742,0.651,0.6,0.0
14.74,1.743,1.743,0.646,0.6,0.0
14.76,1.743,1.743,0.641,0.6,0.0
14.78,1.743,1.743,0.635,0.6,0.0
14.8,1.743,1.743,0.63,0.6,0.0
14.82,1.743,1.743,0.625,0.6,0.0
14.84,1.743,1.743,0.618,0.6,0.0
14.86,1.743,1.743,0.613,0.6,0.0
14.88,1.744,1.744,0.606,0.6,0.0
14.9,1.744,1.744,0.6,0.6,0.0
14.92,1.744,1.744,0.593,0.6,0.0
14.94,1.744,1.744,0.586,0.6,0.0
14.96,1.744,1.744,0.581,0.6,0.0
14.98,1.745,1.745,0.574,0.6,0.0
15.0,1.745,1.745,0.569,0.6,0.0
15.02,1.745,1.745,0.564,0.6,0.0
15.04,1.745,1.745,0.559,0.6,0.0
15.06,1.746,1.746,0.553,0.6,0.0
15.08,1.746,1.746,0.548,0.6,0.0
15.1,1.746,1.746,0.545,0.6,0.0
15.12,1.746,1.746,0.539,0.6,0.0
15.14,1.747,1.747,0.536,0.6,0.0
15.16,1.747,1.747,0.532,0.6,0.0
15.18,1.747,1.747,0.531,0.6,0.0
15.2,1.747,1.747,0.527,0.6,0.0
15.22,1.747,1.747,0.525,0.6,0.0
15.24,1.747,1.747,0.524,0.6,0.0
15.26,1.747,1.747,0.524,0.6,0.0
15.28,1.747,1.747,0.524,0.6,0.0
15.3,1.748,1.748,0.524,0.6,0.0
15.32,1.748,1.748,0.524,0.6,0.0
15.34,1.748,1.748,0.525,0.6,0.0
15.36,1.748,1.748,0.527,0.6,0.0
15.38,1.748,1.748,0.529,0.6,0.0
15.4,1.747,1.747,0.532,0.6,0.0
15.42,1.748,1.748,0.534,0.6,0.0
15.44,1.748,1.748,0.538,0.6,0.0
15.46,1.748,1.748,0.541,0.6,0.0
15.48,1.747,1.747,0.546,0.6,0.0
15.5,1.748,1.748,0.55,0.6,0.0
15.52,1.747,1.747,0.555,0.6,0.0
15.54,1.747,1.747,0.56,0.6,0.0
15.56,1.747,1.747,0.565,0.6,0.0
15.58,1.747,1.747,0.571,0.6,0.0
15.6,1.747,1.747,0.576,0.6,0.0
15.62,1.747,1.747,0.583,0.6,0.0
15.64,1.747,1.747,0.588,0.6,0.0
15.66,1.746,1.746,0.595,0.6,0.0
15.68,1.747,1.747,0.6,0.6,0.0
15.7,1.746,1.746,0.606,0.6,0.0
15.72,1.746,1.746,0.613,0.6,0.0
15.74,1.746,1.746,0.618,0.6,0.0
15.76,1.745,1.745,0.625,0.6,0.0
15.78,1.745,1.745,0.63,0.6,0.0
15.8,1.745,1.745,0.635,0.6,0.0
15.82,1.745,1.745,0.641,0.6,0.0
15.84,1.745,1.745,0.646,0.6,0.0
15.86,1.745,1.745,0.649,0.6,0.0
15.88,1.744,1.744,0.654,0.6,0.0
15.9,1.744,1.744,0.658,0.6,0.0
15.92,1.744,1.744,0.661,0.6,0.0
15.94,1.744,1.744,0.665,0.6,0.0
15.96,1.743,1.743,0.668,0.6,0.0
15.98,1.743,1.743,0.67,0.6,0.0
16.0,1.743,1.743,0.672,0.6,0.0
16.02,1.743,1.743,0.674,0.6,0.0
16.04,1.743,1.743,0.675,0.6,0.0
16.06,1.743,1.743,0.675,0.6,0.0
16.08,1.743,1.743,0.675,0.6,0.0
16.1,1.742,1.742,0.675,0.6,0.0
16.12,1.743,1.743,0.674,0.6,0.0
16.14,1.743,1.743,0.672,0.6,0.0
16.16,1.743,1.743,0.67,0.6,0.0
16.18,1.742,1.742,0.668,0.6,0.0
16.2,1.743,1.743,0.665,0.6,0.0
16.22,1.742,1.742,0.663,0.6,0.0
16.24,1.743,1.743,0.658,0.6,0.0
16.26,1.743,1.743,0.654,0.6,0.0
16.28,1.743,1.743,0.649,0.6,0.0
16.3,1.743,1.743,0.646,0.6,0.0
16.32,1.743,1.743,0.641,0.6,0.0
16.34,1.743,1.743,0.634,0.6,0.0
16.36,1.743,1.743,0.628,0.6,0.0
16.38,1.743,1.743,0.623,0.6,0.0
16.4,1.744,1.744,0.616,0.6,0.0
16.42,1.744,1.744,0.611,0.6,0.0
16.44,1.744,1.744,0.604,0.6,0.0
16.46,1.745,1.745,0.597,0.6,0.0
16.48,1.745,1.745,0.592,0.6,0.0
16.5,1.745,1.745,0.585,0.6,0.0
16.52,1.746,1.746,0.578,0.6,0.0
16.54,1.746,1.746,0.572,0.6,0.0
16.56,1.746,1.746,0.565,0.6,0.0
16.58,1.747,1.747,0.56,0.6,0.0
16.6,1.747,1.747,0.555,0.6,0.0
16.62,1.747,1.747,0.55,0.6,0.0
16.64,1.747,1.747,0.545,0.6,0.0
16.66,1.748,1.748,0.539,0.6,0.0
16.68,1.748,1.748,0.536,0.6,0.0
16.7,1.748,1.748,0.532,0.6,0.0
16.72,1.749,1.749,0.529,0.6,0.0
16.74,1.749,1.749,0.525,0.6,0.0
16.76,1.749,1.749,0.524,0.6,0.0
16.78,1.75,1.75,0.52,0.6,0.0
16.8,1.749,1.749,0.52,0.6,0.0
16.82,1.75,1.75,0.518,0.6,0.0
16.84,1.75,1.75,0.518,0.6,0.0
16.86,1.75,1.75,0.518,0.6,0.0
16.88,1.75,1.75,0.518,0.6,0.0
16.9,1.75,1.75,0.52,0.6,0.0
16.92,1.751,1.751,0.522,0.6,0.0
16.94,1.751,1.751,0.524,0.6,0.0
16.96,1.751,1.751,0.525,0.6,0.0
16.98,1.751,1.751,0.529,0.6,0.0
17.0,1.751,1.751,0.532,0.6,0.0
17.02,1.751,1.751,0.536,0.6,0.0
17.04,1.751,1.751,0.539,0.6,0.0
17.06,1.751,1.751,0.545,0.6,0.0
17.08,1.752,1.752,0.548,0.6,0.0
17.1,1.752,1.752,0.553,0.6,0.0
17.12,1.752,1.752,0.559,0.6,0.0
17.14,1.752,1.752,0.564,0.6,0.0
17.16,1.751,1.751,0.571,0.6,0.0
17.18,1.751,1.751,0.576,0.6,0.0
17.2,1.751,1.751,0.583,0.6,0.0
17.22,1.751,1.751,0.588,0.6,0.0
17.24,1.752,1.752,0.593,0.6,0.0
17.26,1.752,1.752,0.6,0.6,0.0
17.28,1.751,1.751,0.606,0.6,0.0
17.3,1.751,1.751,0.613,0.6,0.0
17.32,1.751,1.751,0.618,0.6,0.0
17.34,1.751,1.751,0.623,0.6,0.0
17.36,1.751,1.751,0.63,0.6,0.0
17.38,1.751,1.751,0.635,0.6,0.0
17.4,1.751,1.751,0.641,0.6,0.0
17.42,1.751,1.751,0.644,0.6,0.0
17.44,1.751,1.751,0.649,0.6,0.0
17.46,1.751,1.751,0.653,0.6,0.0
17.48,1.751,1.751,0.656,0.6,0.0
17.5,1.751,1.751,0.66,0.6,0.0
17.52,1.75,1.75,0.663,0.6,0.0
17.54,1.75,1.75,0.667,0.6,0.0
17.56,1.75,1.75,0.668,0.6,0.0
17.58,1.75,1.75,0.67,0.6,0.0
17.6,1.75,1.75,0.672,0.6,0.0
17.62,1.75,1.75,0.672,0.6,0.0
17.64,1.75,1.75,0.672,0.6,0.0
17.66,1.75,1.75,0.672,0.6,0.0
17.68,1.75,1.75,0.672,0.6,0.0
17.7,1.75,1.75,0.672,0.6,0.0
17.72,1.75,1.75,0.67,0.6,0.0
17.74,1.75,1.75,0.668,0.6,0.0
17.76,1.75,1.75,0.667,0.6,0.0
17.78,1.75,1.75,0.663,0.6,0.0
17.8,1.75,1.75,0.66,0.6,0.0
17.82,1.75,1.75,0.658,0.6,0.0
17.84,1.75,1.75,0.654,0.6,0.0
17.86,1.75,1.75,0.649,0.6,0.0
17.88,1.75,1.75,0.646,0.6,0.0
17.9,1.75,1.75,0.641,0.6,0.0
17.92,1.75,1.75,0.637,0.6,0.0
17.94,1.75,1.75,0.632,0.6,0.0
17.96,1.75,1.75,0.627,0.6,0.0
17.98,1.751,1.751,0.621,0.6,0.0
18.0,1.751,1.751,0.616,0.6,0.0
18.02,1.751,1.751,0.611,0.6,0.0
18.04,1.751,1.751,0.606,0.6,0.0
18.06,1.751,1.751,0.599,0.6,0.0
18.08,1.751,1.751,0.593,0.6,0.0
18.1,1.751,1.751,0.588,0.6,0.0
18.12,1.752,1.752,0.583,0.6,0.0
18.14,1.752,1.752,0.578,0.6,0.0
18.16,1.752,1.752,0.572,0.6,0.0
18.18,1.752,1.752,0.567,0.6,0.0
18.2,1.752,1.752,0.564,0.6,0.0
18.22,1.752,1.752,0.559,0.6,0.0
18.24,1.752,1.752,0.555,0.6,0.0
18.26,1.752,1.752,0.552,0.6,0.0
18.28,1.753,1.753,0.546,0.6,0.0
18.3,1.753,1.753,0.545,0.6,0.0
18.32,1.753,1.753,0.541,0.6,0.0
18.34,1.753,1.753,0.538,0.6,0.0
18.36,1.753,1.753,0.536,0.6,0.0
18.38,1.753,1.753,0.534,0.6,0.0
18.4,1.754,1.754,0.532,0.6,0.0
18.42,1.754,1.754,0.532,0.6,0.0
18.44,1.754,1.754,0.531,0.6,0.0
18.46,1.754,1.754,0.531,0.6,0.0
18.48,1.754,1.754,0.531,0.6,0.0
18.5,1.754,1.754,0.532,0.6,0.0
18.52,1.754,1.754,0.532,0.6,0.0
18.54,1.754,1.754,0.534,0.6,0.0
18.56,1.755,1.755,0.536,0.6,0.0
18.58,1.754,1.754,0.539,0.6,0.0
18.6,1.755,1.755,0.541,0.6,0.0
18.62,1.754,1.754,0.545,0.6,0.0
18.64,1.754,1.754,0.548,0.6,0.0
18.66,1.755,1.755,0.552,0.6,0.0
18.68,1.755,1.755,0.555,0.6,0.0
18.7,1.754,1.754,0.56,0.6,0.0
18.72,1.755,1.755,0.564,0.6,0.0
18.74,1.754,1.754,0.569,0.6,0.0
18.76,1.754,1.754,0.574,0.6,0.0
18.78,1.754,1.754,0.579,0.6,0.0
18.8,1.754,1.754,0.585,0.6,0.0
18.82,1.754,1.754,0.59,0.6,0.0
18.84,1.754,1.754,0.595,0.6,0.0
18.86,1.754,1.754,0.6,0.6,0.0
18.88,1.754,1.754,0.606,0.6,0.0
18.9,1.754,1.754,0.611,0.6,0.0
18.92,1.753,1.753,0.616,0.6,0.0
18.94,1.753,1.753,0.621,0.6,0.0
18.96,1.754,1.754,0.625,0.6,0.0
18.98,1.753,1.753,0.63,0.6,0.0
19.0,1.753,1.753,0.635,0.6,0.0
19.02,1.753,1.753,0.639,0.6,0.0
19.04,1.753,1.753,0.642,0.6,0.0
19.06,1.753,1.753,0.648,0.6,0.0
19.08,1.752,1.752,0.651,0.6,0.0
19.1,1.753,1.753,0.653,0.6,0.0
19.12,1.752,1.752,0.656,0.6,0.0
19.14,1.752,1.752,0.658,0.6,0.0
19.16,1.752,1.752,0.661,0.6,0.0
19.18,1.752,1.752,0.663,0.6,0.0
19.2,1.752,1.752,0.665,0.6,0.0
19.22,1.752,1.752,0.665,0.6,0.0
19.24,1.751,1.751,0.667,0.6,0.0
19.26,1.751,1.751,0.667,0.6,0.0
19.28,1.751,1.751,0.667,0.6,0.0
19.3,1.751,1.751,0.665,0.6,0.0
19.32,1.751,1.751,0.665,0.6,0.0
19.34,1.751,1.751,0.663,0.6,0.0
19.36,1.751,1.751,0.661,0.6,0.0
19.38,1.751,1.751,0.66,0.6,0.0
19.4,1.751,1.751,0.658,0.6,0.0
19.42,1.751,1.751,0.654,0.6,0.0
19.44,1.75,1.75,0.653,0.6,0.0
19.46,1.75,1.75,0.649,0.6,0.0
19.48,1.75,1.75,0.646,0.6,0.0
19.5,1.75,1.75,0.642,0.6,0.0
19.52,1.75,1.75,0.639,0.6,0.0
19.54,1.75,1.75,0.634,0.6,0.0
19.56,1.75,1.75,0.63,0.6,0.0
19.58,1.75,1.75,0.625,0.6,0.0
19.6,1.75,1.75,0.621,0.6,0.0
19.62,1.75,1.75,0.616,0.6,0.0
19.64,1.75,1.75,0.611,0.6,0.0
19.66,1.75,1.75,0.607,0.6,0.0
19.68,1.75,1.75,0.602,0.6,0.0
19.7,1.75,1.75,0.597,0.6,0.0
19.72,1.75,1.75,0.593,0.6,0.0
19.74,1.75,1.75,0.588,0.6,0.0
19.76,1.75,1.75,0.585,0.6,0.0
19.78,1.75,1.75,0.579,0.6,0.0
19.8,1.75,1.75,0.576,0.6,0.0
19.82,1.75,1.75,0.572,0.6,0.0
19.84,1.75,1.75,0.567,0.6,0.0
19.86,1.75,1.75,0.564,0.6,0.0
19.88,1.75,1.75,0.562,0.6,0.0
19.9,1.75,1.75,0.559,0.6,0.0
19.92,1.75,1.75,0.555,0.6,0.0
19.94,1.75,1.75,0.553,0.6,0.0
19.96,1.75,1.75,0.552,0.6,0.0
19.98,1.75,1.75,0.55,0.6,0.0
20.0,1.75,1.75,0.548,0.6,0.0
20.02,1.749,1.749,0.548,0.6,0.0
20.04,1.95,1.75,0.546,0.6,0.2
20.06,1.949,1.749,0.546,0.6,0.2
20.08,1.949,1.749,0.548,0.6,0.2
20.1,1.949,1.749,0.548,0.6,0.2
20.12,1.949,1.749,0.55,0.6,0.2
20.14,1.948,1.748,0.552,0.6,0.2
20.16,1.948,1.748,0.555,0.6,0.2
20.18,1.947,1.747,0.559,0.6,0.2
20.2,1.947,1.747,0.562,0.6,0.2
20.22,1.946,1.746,0.567,0.6,0.2
20.24,1.945,1.745,0.572,0.6,0.2
20.26,1.944,1.744,0.579,0.6,0.2
20.28,1.943,1.743,0.585,0.6,0.2
20.3,1.942,1.742,0.593,0.6,0.2
20.32,1.941,1.741,0.6,0.6,0.2
20.34,1.939,1.739,0.609,0.6,0.2
20.36,1.938,1.738,0.618,0.6,0.2
20.38,1.937,1.737,0.627,0.6,0.2
20.4,1.935,1.735,0.635,0.6,0.2
20.42,1.933,1.733,0.646,0.6,0.2
20.44,1.931,1.731,0.656,0.6,0.2
20.46,1.93,1.73,0.665,0.6,0.2
20.48,1.928,1.728,0.675,0.6,0.2
20.5,1.926,1.726,0.686,0.6,0.2
20.52,1.924,1.724,0.696,0.6,0.2
20.54,1.922,1.722,0.705,0.6,0.2
20.56,1.92,1.72,0.716,0.6,0.2
20.58,1.918,1.718,0.724,0.6,0.2
20.6,1.916,1.716,0.733,0.6,0.2
20.62,1.914,1.714,0.742,0.6,0.2
20.64,1.911,1.711,0.75,0.6,0.2
20.66,1.909,1.709,0.757,0.6,0.2
20.68,1.907,1.707,0.764,0.6,0.2
20.7,1.905,1.705,0.771,0.6,0.2
20.72,1.902,1.702,0.777,0.6,0.2
20.74,1.9,1.7,0.782,0.6,0.2
20.76,1.898,1.698,0.787,0.6,0.2
20.78,1.895,1.695,0.791,0.6,0.2
20.8,1.893,1.693,0.794,0.6,0.2
20.82,1.891,1.691,0.796,0.6,0.2
20.84,1.888,1.688,0.798,0.6,0.2
20.86,1.886,1.686,0.799,0.6,0.2
20.88,1.884,1.684,0.799,0.6,0.2
20.9,1.881,1.681,0.799,0.6,0.2
20.92,1.879,1.679,0.798,0.6,0.2
20.94,1.877,1.677,0.794,0.6,0.2
20.96,1.874,1.674,0.792,0.6,0.2
20.98,1.872,1.672,0.789,0.6,0.2
21.0,1.87,1.67,0.784,0.6,0.2
21.02,1.867,1.667,0.778,0.6,0.2
21.04,1.865,1.665,0.773,0.6,0.2
21.06,1.863,1.663,0.766,0.6,0.2
21.08,1.861,1.661,0.759,0.6,0.2
21.1,1.859,1.659,0.75,0.6,0.2
21.12,1.856,1.656,0.744,0.6,0.2
21.14,1.854,1.654,0.735,0.6,0.2
21.16,1.852,1.652,0.724,0.6,0.2
21.18,1.85,1.65,0.716,0.6,0.2
21.2,1.848,1.648,0.705,0.6,0.2
21.22,1.846,1.646,0.695,0.6,0.2
21.24,1.844,1.644,0.684,0.6,0.2
21.26,1.843,1.643,0.672,0.6,0.2
21.28,1.841,1.641,0.661,0.6,0.2
21.3,1.839,1.639,0.649,0.6,0.2
21.32,1.837,1.637,0.639,0.6,0.2
21.34,1.836,1.636,0.627,0.6,0.2
21.36,1.834,1.634,0.616,0.6,0.2
21.38,1.833,1.633,0.606,0.6,0.2
21.4,1.831,1.631,0.595,0.6,0.2
21.42,1.829,1.629,0.585,0.6,0.2
21.44,1.828,1.628,0.574,0.6,0.2
21.46,1.827,1.627,0.564,0.6,0.2
21.48,1.825,1.625,0.555,0.6,0.2
21.5,1.824,1.624,0.546,0.6,0.2
21.52,1.823,1.623,0.538,0.6,0.2
21.54,1.822,1.622,0.529,0.6,0.2
21.56,1.82,1.62,0.522,0.6,0.2
21.58,1.819,1.619,0.515,0.6,0.2
21.6,1.818,1.618,0.51,0.6,0.2
21.62,1.817,1.617,0.504,0.6,0.2
21.64,1.816,1.616,0.499,0.6,0.2
21.66,1.814,1.614,0.496,0.6,0.2
21.68,1.813,1.613,0.494,0.6,0.2
21.7,1.812,1.612,0.49,0.6,0.2
21.72,1.811,1.611,0.49,0.6,0.2
21.74,1.81,1.61,0.489,0.6,0.2
21.76,1.809,1.609,0.489,0.6,0.2
21.78,1.808,1.608,0.49,0.6,0.2
21.8,1.807,1.607,0.492,0.6,0.2
21.82,1.806,1.606,0.496,0.6,0.2
21.84,1.805,1.605,0.497,0.6,0.2
21.86,1.804,1.604,0.503,0.6,0.2
21.88,1.803,1.603,0.506,0.6,0.2
21.9,1.801,1.601,0.513,0.6,0.2
21.92,1.801,1.601,0.518,0.6,0.2
21.94,1.8,1.6,0.525,0.6,0.2
21.96,1.799,1.599,0.532,0.6,0.2
21.98,1.798,1.598,0.539,0.6,0.2
22.0,1.797,1.597,0.546,0.6,0.2
22.02,1.796,1.596,0.555,0.6,0.2
22.04,1.795,1.595,0.564,0.6,0.2
22.06,1.794,1.594,0.572,0.6,0.2
22.08,1.793,1.593,0.581,0.6,0.2
22.1,1.792,1.592,0.59,0.6,0.2
22.12,1.792,1.592,0.599,0.6,0.2
22.14,1.791,1.591,0.607,0.6,0.2
22.16,1.79,1.59,0.616,0.6,0.2
22.18,1.789,1.589,0.625,0.6,0.2
22.2,1.789,1.589,0.634,0.6,0.2
22.22,1.788,1.588,0.642,0.6,0.2
22.24,1.787,1.587,0.651,0.6,0.2
22.26,1.786,1.586,0.658,0.6,0.2
22.28,1.786,1.586,0.665,0.6,0.2
22.3,1.785,1.585,0.672,0.6,0.2
22.32,1.784,1.584,0.679,0.6,0.2
22.34,1.783,1.583,0.686,0.6,0.2
22.36,1.783,1.583,0.691,0.6,0.2
22.38,1.782,1.582,0.696,0.6,0.2
22.4,1.781,1.581,0.702,0.6,0.2
22.42,1.781,1.581,0.705,0.6,0.2
22.44,1.78,1.58,0.709,0.6,0.2
22.46,1.78,1.58,0.71,0.6,0.2
22.48,1.779,1.579,0.714,0.6,0.2
22.5,1.778,1.578,0.716,0.6,0.2
22.52,1.778,1.578,0.716,0.6,0.2
22.54,1.777,1.577,0.716,0.6,0.2
22.56,1.777,1.577,0.716,0.6,0.2
22.58,1.776,1.576,0.716,0.6,0.2
22.6,1.775,1.575,0.714,0.6,0.2
22.62,1.775,1.575,0.712,0.6,0.2
22.64,1.774,1.574,0.709,0.6,0.2
22.66,1.774,1.574,0.705,0.6,0.2
22.68,1.773,1.573,0.702,0.6,0.2
22.7,1.773,1.573,0.696,0.6,0.2
22.72,1.773,1.573,0.691,0.6,0.2
22.74,1.772,1.572,0.686,0.6,0.2
22.76,1.772,1.572,0.681,0.6,0.2
22.78,1.772,1.572,0.674,0.6,0.2
22.8,1.771,1.571,0.667,0.6,0.2
22.82,1.771,1.571,0.66,0.6,0.2
22.84,1.771,1.571,0.653,0.6,0.2
22.86,1.771,1.571,0.644,0.6,0.2
22.88,1.77,1.57,0.635,0.6,0.2
22.9,1.77,1.57,0.628,0.6,0.2
22.92,1.77,1.57,0.62,0.6,0.2
22.94,1.77,1.57,0.611,0.6,0.2
22.96,1.77,1.57,0.602,0.6,0.2
22.98,1.77,1.57,0.593,0.6,0.2
23.0,1.77,1.57,0.585,0.6,0.2
23.02,1.77,1.57,0.576,0.6,0.2
23.04,1.769,1.569,0.569,0.6,0.2
23.06,1.77,1.57,0.56,0.6,0.2
23.08,1.769,1.569,0.553,0.6,0.2
23.1,1.769,1.569,0.546,0.6,0.2
23.12,1.77,1.57,0.538,0.6,0.2
23.14,1.769,1.569,0.532,0.6,0.2
23.16,1.77,1.57,0.525,0.6,0.2
23.18,1.77,1.57,0.52,0.6,0.2
23.2,1.77,1.57,0.513,0.6,0.2
23.22,1.77,1.57,0.51,0.6,0.2
23.24,1.77,1.57,0.504,0.6,0.2
23.26,1.77,1.57,0.501,0.6,0.2
23.28,1.771,1.571,0.497,0.6,0.2
23.3,1.77,1.57,0.496,0.6,0.2
23.32,1.771,1.571,0.492,0.6,0.2
23.34,1.771,1.571,0.492,0.6,0.2
23.36,1.771,1.571,0.49,0.6,0.2
23.38,1.771,1.571,0.49,0.6,0.2
23.4,1.772,1.572,0.49,0.6,0.2
23.42,1.771,1.571,0.492,0.6,0.2
23.44,1.772,1.572,0.494,0.6,0.2
23.46,1.771,1.571,0.497,0.6,0.2
23.48,1.772,1.572,0.499,0.6,0.2
23.5,1.772,1.572,0.503,0.6,0.2
23.52,1.772,1.572,0.508,0.6,0.2
23.54,1.772,1.572,0.511,0.6,0.2
23.56,1.772,1.572,0.517,0.6,0.2
23.58,1.772,1.572,0.524,0.6,0.2
23.6,1.772,1.572,0.529,0.6,0.2
23.62,1.772,1.572,0.536,0.6,0.2
23.64,1.772,1.572,0.543,0.6,0.2
23.66,1.772,1.572,0.55,0.6,0.2
23.68,1.772,1.572,0.557,0.6,0.2
23.7,1.772,1.572,0.564,0.6,0.2
23.72,1.772,1.572,0.572,0.6,0.2
23.74,1.772,1.572,0.579,0.6,0.2
23.76,1.772,1.572,0.588,0.6,0.2
23.78,1.772,1.572,0.595,0.6,0.2
23.8,1.772,1.572,0.602,0.6,0.2
23.82,1.772,1.572,0.611,0.6,0.2
23.84,1.772,1.572,0.618,0.6,0.2
23.86,1.772,1.572,0.625,0.6,0.2
23.88,1.772,1.572,0.634,0.6,0.2
23.9,1.772,1.572,0.641,0.6,0.2
23.92,1.772,1.572,0.646,0.6,0.2
23.94,1.772,1.572,0.653,0.6,0.2
23.96,1.772,1.572,0.658,0.6,0.2
23.98,1.771,1.571,0.665,0.6,0.2
24.0,1.771,1.571,0.67,0.6,0.2
24.02,1.772,1.572,0.674,0.6,0.2
24.04,1.771,1.571,0.679,0.6,0.2
24.06,1.771,1.571,0.682,0.6,0.2
24.08,1.771,1.571,0.686,0.6,0.2
24.1,1.771,1.571,0.688,0.6,0.2
24.12,1.771,1.571,0.689,0.6,0.2
24.14,1.771,1.571,0.691,0.6,0.2
24.16,1.771,1.571,0.693,0.6,0.2
24.18,1.771,1.571,0.693,0.6,0.2
24.2,1.771,1.571,0.693,0.6,0.2
24.22,1.771,1.571,0.691,0.6,0.2
24.24,1.771,1.571,0.691,0.6,0.2
24.26,1.771,1.571,0.689,0.6,0.2
24.28,1.771,1.571,0.686,0.6,0.2
24.3,1.771,1.571,0.684,0.6,0.2
24.32,1.771,1.571,0.681,0.6,0.2
24.34,1.771,1.571,0.677,0.6,0.2
24.36,1.771,1.571,0.672,0.6,0.2
24.38,1.771,1.571,0.667,0.6,0.2
24.4,1.771,1.571,0.663,0.6,0.2
24.42,1.772,1.572,0.656,0.6,0.2
24.44,1.771,1.571,0.651,0.6,0.2
24.46,1.771,1.571,0.646,0.6,0.2
24.48,1.772,1.572,0.639,0.6,0.2
24.5,1.772,1.572,0.632,0.6,0.2
24.52,1.772,1.572,0.627,0.6,0.2
24.54,1.772,1.572,0.62,0.6,0.2
24.56,1.772,1.572,0.613,0.6,0.2
24.58,1.772,1.572,0.606,0.6,0.2
24.6,1.772,1.572,0.599,0.6,0.2
24.62,1.772,1.572,0.592,0.6,0.2
24.64,1.773,1.573,0.585,0.6,0.2
24.66,1.773,1.573,0.578,0.6,0.2
24.68,1.773,1.573,0.571,0.6,0.2
24.7,1.773,1.573,0.565,0.6,0.2
24.72,1.773,1.573,0.559,0.6,0.2
24.74,1.773,1.573,0.553,0.6,0.2
24.76,1.773,1.573,0.548,0.6,0.2
24.78,1.774,1.574,0.543,0.6,0.2
24.8,1.774,1.574,0.538,0.6,0.2
24.82,1.774,1.574,0.532,0.6,0.2
24.84,1.774,1.574,0.529,0.6,0.2
24.86,1.774,1.574,0.525,0.6,0.2
24.88,1.775,1.575,0.522,0.6,0.2
24.9,1.775,1.575,0.518,0.6,0.2
24.92,1.775,1.575,0.517,0.6,0.2
24.94,1.775,1.575,0.515,0.6,0.2
24.96,1.775,1.575,0.513,0.6,0.2
24.98,1.775,1.575,0.513,0.6,0.2
25.0,1.776,1.576,0.513,0.6,0.2
25.02,1.776,1.576,0.513,0.6,0.2
25.04,1.776,1.576,0.515,0.6,0.2
25.06,1.776,1.576,0.515,0.6,0.2
25.08,1.776,1.576,0.517,0.6,0.2
25.1,1.776,1.576,0.52,0.6,0.2
25.12,1.776,1.576,0.522,0.6,0.2
25.14,1.777,1.577,0.525,0.6,0.2
25.16,1.776,1.576,0.531,0.6,0.2
25.18,1.776,1.576,0.534,0.6,0.2
25.2,1.776,1.576,0.539,0.6,0.2
25.22,1.776,1.576,0.545,0.6,0.2
25.24,1.776,1.576,0.55,0.6,0.2
25.26,1.776,1.576,0.555,0.6,0.2
25.28,1.776,1.576,0.56,0.6,0.2
25.3,1.776,1.576,0.567,0.6,0.2
25.32,1.776,1.576,0.572,0.6,0.2
25.34,1.776,1.576,0.579,0.6,0.2
25.36,1.776,1.576,0.586,0.6,0.2
25.38,1.776,1.576,0.593,0.6,0.2
25.4,1.776,1.576,0.6,0.6,0.2
25.42,1.775,1.575,0.607,0.6,0.2
25.44,1.776,1.576,0.613,0.6,0.2
25.46,1.775,1.575,0.62,0.6,0.2
25.48,1.775,1.575,0.627,0.6,0.2
25.5,1.775,1.575,0.634,0.6,0.2
25.52,1.775,1.575,0.639,0.6,0.2
25.54,1.775,1.575,0.644,0.6,0.2
25.56,1.774,1.574,0.649,0.6,0.2
25.58,1.774,1.574,0.654,0.6,0.2
25.6,1.774,1.574,0.66,0.6,0.2
25.62,1.774,1.574,0.663,0.6,0.2
25.64,1.774,1.574,0.668,0.6,0.2
25.66,1.773,1.573,0.672,0.6,0.2
25.68,1.774,1.574,0.674,0.6,0.2
25.7,1.773,1.573,0.677,0.6,0.2
25.72,1.773,1.573,0.679,0.6,0.2
25.74,1.773,1.573,0.681,0.6,0.2
25.76,1.773,1.573,0.681,0.6,0.2
25.78,1.773,1.573,0.681,0.6,0.2
25.8,1.773,1.573,0.681,0.6,0.2
25.82,1.773,1.573,0.681,0.6,0.2
25.84,1.773,1.573,0.679,0.6,0.2
25.86,1.773,1.573,0.679,0.6,0.2
25.88,1.773,1.573,0.675,0.6,0.2
25.9,1.773,1.573,0.674,0.6,0.2
25.92,1.773,1.573,0.67,0.6,0.2
25.94,1.773,1.573,0.668,0.6,0.2
25.96,1.773,1.573,0.663,0.6,0.2
25.98,1.773,1.573,0.66,0.6,0.2
26.0,1.773,1.573,0.654,0.6,0.2
26.02,1.773,1.573,0.651,0.6,0.2
26.04,1.773,1.573,0.646,0.6,0.2
26.06,1.773,1.573,0.641,0.6,0.2
26.08,1.773,1.573,0.635,0.6,0.2
26.1,1.773,1.573,0.628,0.6,0.2
26.12,1.773,1.573,0.623,0.6,0.2
26.14,1.774,1.574,0.616,0.6,0.2
26.16,1.774,1.574,0.611,0.6,0.2
26.18,1.774,1.574,0.604,0.6,0.2
26.2,1.774,1.574,0.599,0.6,0.2
26.22,1.774,1.574,0.592,0.6,0.2
26.24,1.774,1.574,0.586,0.6,0.2
26.26,1.774,1.574,0.579,0.6,0.2
26.28,1.774,1.574,0.574,0.6,0.2
26.3,1.775,1.575,0.567,0.6,0.2
26.32,1.775,1.575,0.562,0.6,0.2
26.34,1.775,1.575,0.557,0.6,0.2
26.36,1.775,1.575,0.552,0.6,0.2
26.38,1.775,1.575,0.548,0.6,0.2
26.4,1.776,1.576,0.543,0.6,0.2
26.42,1.776,1.576,0.539,0.6,0.2
26.44,1.776,1.576,0.536,0.6,0.2
26.46,1.776,1.576,0.532,0.6,0.2
26.48,1.776,1.576,0.529,0.6,0.2
26.5,1.776,1.576,0.527,0.6,0.2
26.52,1.777,1.577,0.525,0.6,0.2
26.54,1.777,1.577,0.524,0.6,0.2
26.56,1.777,1.577,0.522,0.6,0.2
26.58,1.777,1.577,0.522,0.6,0.2
26.6,1.777,1.577,0.522,0.6,0.2
26.62,1.777,1.577,0.522,0.6,0.2
26.64,1.777,1.577,0.524,0.6,0.2
26.66,1.777,1.577,0.525,0.6,0.2
26.68,1.777,1.577,0.527,0.6,0.2
26.7,1.778,1.578,0.529,0.6,0.2
26.72,1.778,1.578,0.532,0.6,0.2
26.74,1.777,1.577,0.536,0.6,0.2
26.76,1.778,1.577,0.539,0.6,0.2
26.78,1.777,1.577,0.545,0.6,0.2
26.8,1.777,1.577,0.55,0.6,0.2
26.82,1.777,1.577,0.555,0.6,0.2
26.84,1.777,1.577,0.56,0.6,0.2
26.86,1.777,1.577,0.565,0.6,0.2
26.88,1.777,1.577,0.571,0.6,0.2
26.9,1.776,1.576,0.578,0.6,0.2
26.92,1.776,1.576,0.583,0.6,0.2
26.94,1.776,1.576,0.59,0.6,0.2
26.96,1.775,1.575,0.597,0.6,0.2
26.98,1.775,1.575,0.602,0.6,0.2
27.0,1.775,1.575,0.609,0.6,0.2
27.02,1.775,1.575,0.616,0.6,0.2
27.04,1.775,1.575,0.621,0.6,0.2
27.06,1.774,1.574,0.628,0.6,0.2
27.08,1.774,1.574,0.634,0.6,0.2
27.1,1.774,1.574,0.639,0.6,0.2
27.12,1.774,1.574,0.644,0.6,0.2
27.14,1.773,1.573,0.649,0.6,0.2
27.16,1.773,1.573,0.654,0.6,0.2
27.18,1.773,1.573,0.66,0.6,0.2
27.2,1.773,1.573,0.663,0.6,0.2
27.22,1.772,1.572,0.667,0.6,0.2
27.24,1.772,1.572,0.67,0.6,0.2
27.26,1.772,1.572,0.672,0.6,0.2
27.28,1.772,1.572,0.675,0.6,0.2
27.3,1.771,1.571,0.677,0.6,0.2
27.32,1.772,1.572,0.677,0.6,0.2
27.34,1.771,1.571,0.679,0.6,0.2
27.36,1.771,1.571,0.679,0.6,0.2
27.38,1.771,1.571,0.679,0.6,0.2
27.4,1.771,1.571,0.679,0.6,0.2
27.42,1.771,1.571,0.677,0.6,0.2
27.44,1.771,1.571,0.675,0.6,0.2
27.46,1.771,1.571,0.674,0.6,0.2
27.48,1.77,1.57,0.672,0.6,0.2
27.5,1.77,1.57,0.668,0.6,0.2
27.52,1.77,1.57,0.665,0.6,0.2
27.54,1.77,1.57,0.661,0.6,0.2
27.56,1.77,1.57,0.658,0.6,0.2
27.58,1.77,1.57,0.654,0.6,0.2
27.6,1.77,1.57,0.649,0.6,0.2
27.62,1.77,1.57,0.644,0.6,0.2
27.64,1.77,1.57,0.639,0.6,0.2
27.66,1.77,1.57,0.634,0.6,0.2
27.68,1.77,1.57,0.628,0.6,0.2
27.7,1.77,1.57,0.623,0.6,0.2
27.72,1.77,1.57,0.616,0.6,0.2
27.74,1.77,1.57,0.611,0.6,0.2
27.76,1.77,1.57,0.606,0.6,0.2
27.78,1.771,1.571,0.599,0.6,0.2
27.8,1.77,1.57,0.593,0.6,0.2
27.82,1.771,1.571,0.586,0.6,0.2
27.84,1.771,1.571,0.581,0.6,0.2
27.86,1.771,1.571,0.576,0.6,0.2
27.88,1.771,1.571,0.569,0.6,0.2
27.9,1.771,1.571,0.564,0.6,0.2
27.92,1.772,1.572,0.559,0.6,0.2
27.94,1.772,1.572,0.553,0.6,0.2
27.96,1.772,1.572,0.55,0.6,0.2
27.98,1.772,1.572,0.545,0.6,0.2
28.0,1.772,1.572,0.541,0.6,0.2
28.02,1.773,1.573,0.536,0.6,0.2
28.04,1.772,1.572,0.534,0.6,0.2
28.06,1.773,1.573,0.531,0.6,0.2
28.08,1.773,1.573,0.527,0.6,0.2
28.1,1.773,1.573,0.525,0.6,0.2
28.12,1.773,1.573,0.524,0.6,0.2
28.14,1.773,1.573,0.524,0.6,0.2
28.16,1.774,1.574,0.522,0.6,0.2
28.18,1.774,1.574,0.522,0.6,0.2
28.2,1.774,1.574,0.522,0.6,0.2
28.22,1.774,1.574,0.524,0.6,0.2
28.24,1.774,1.574,0.524,0.6,0.2
28.26,1.774,1.574,0.525,0.6,0.2
28.28,1.775,1.575,0.527,0.6,0.2
28.3,1.774,1.574,0.531,0.6,0.2
28.32,1.775,1.575,0.532,0.6,0.2
28.34,1.775,1.575,0.536,0.6,0.2
28.36,1.775,1.575,0.539,0.6,0.2
28.38,1.775,1.575,0.543,0.6,0.2
28.4,1.775,1.575,0.548,0.6,0.2
28.42,1.775,1.575,0.552,0.6,0.2
28.44,1.775,1.575,0.557,0.6,0.2
28.46,1.775,1.575,0.562,0.6,0.2
28.48,1.775,1.575,0.567,0.6,0.2
28.5,1.775,1.575,0.572,0.6,0.2
28.52,1.775,1.575,0.578,0.6,0.2
28.54,1.775,1.575,0.583,0.6,0.2
28.56,1.775,1.575,0.588,0.6,0.2
28.58,1.776,1.576,0.593,0.6,0.2
28.6,1.776,1.576,0.6,0.6,0.2
28.62,1.775,1.575,0.606,0.6,0.2
28.64,1.775,1.575,0.611,0.6,0.2
28.66,1.775,1.575,0.616,0.6,0.2
28.68,1.775,1.575,0.621,0.6,0.2
28.7,1.775,1.575,0.627,0.6,0.2
28.72,1.775,1.575,0.632,0.6,0.2
28.74,1.775,1.575,0.635,0.6,0.2
28.76,1.775,1.575,0.641,0.6,0.2
28.78,1.775,1.575,0.644,0.6,0.2
28.8,1.775,1.575,0.648,0.6,0.2
28.82,1.775,1.575,0.651,0.6,0.2
28.84,1.775,1.575,0.654,0.6,0.2
28.86,1.775,1.575,0.656,0.6,0.2
28.88,1.775,1.575,0.66,0.6,0.2
28.9,1.775,1.575,0.661,0.6,0.2
28.92,1.775,1.575,0.663,0.6,0.2
28.94,1.775,1.575,0.663,0.6,0.2
28.96,1.775,1.575,0.665,0.6,0.2
28.98,1.775,1.575,0.665,0.6,0.2
29.0,1.775,1.575,0.665,0.6,0.2
29.02,1.775,1.575,0.665,0.6,0.2
29.04,1.775,1.575,0.663,0.6,0.2
29.06,1.776,1.576,0.661,0.6,0.2
29.08,1.776,1.576,0.66,0.6,0.2
29.1,1.776,1.576,0.658,0.6,0.2
29.12,1.776,1.576,0.656,0.6,0.2
29.14,1.775,1.575,0.654,0.6,0.2
29.16,1.776,1.576,0.651,0.6,0.2
29.18,1.776,1.576,0.648,0.6,0.2
29.2,1.776,1.576,0.644,0.6,0.2
29.22,1.776,1.576,0.641,0.6,0.2
29.24,1.776,1.576,0.637,0.6,0.2
29.26,1.776,1.576,0.632,0.6,0.2
29.28,1.776,1.576,0.628,0.6,0.2
29.3,1.776,1.576,0.623,0.6,0.2
29.32,1.776,1.576,0.62,0.6,0.2
29.34,1.776,1.576,0.614,0.6,0.2
29.36,1.776,1.576,0.609,0.6,0.2
29.38,1.776,1.576,0.606,0.6,0.2
29.4,1.777,1.577,0.6,0.6,0.2
29.42,1.776,1.576,0.597,0.6,0.2
29.44,1.776,1.576,0.592,0.6,0.2
29.46,1.776,1.576,0.588,0.6,0.2
29.48,1.776,1.576,0.583,0.6,0.2
29.5,1.776,1.576,0.579,0.6,0.2
29.52,1.776,1.576,0.576,0.6,0.2
29.54,1.776,1.576,0.572,0.6,0.2
29.56,1.776,1.576,0.569,0.6,0.2
29.58,1.776,1.576,0.565,0.6,0.2
29.6,1.776,1.576,0.562,0.6,0.2
29.62,1.776,1.576,0.56,0.6,0.2
29.64,1.776,1.576,0.559,0.6,0.2
29.66,1.776,1.576,0.557,0.6,0.2
29.68,1.776,1.576,0.555,0.6,0.2
29.7,1.776,1.576,0.553,0.6,0.2
29.72,1.776,1.576,0.553,0.6,0.2
29.74,1.776,1.576,0.552,0.6,0.2
29.76,1.776,1.576,0.552,0.6,0.2
29.78,1.776,1.576,0.552,0.6,0.2
29.8,1.776,1.576,0.552,0.6,0.2
29.82,1.775,1.575,0.553,0.6,0.2
29.84,1.775,1.575,0.553,0.6,0.2
29.86,1.775,1.575,0.555,0.6,0.2
29.88,1.775,1.575,0.557,0.6,0.2
29.9,1.775,1.575,0.559,0.6,0.2
29.92,1.775,1.575,0.56,0.6,0.2
29.94,1.774,1.574,0.564,0.6,0.2
29.96,1.774,1.574,0.565,0.6,0.2
29.98,1.774,1.574,0.569,0.6,0.2
30.0,1.774,1.574,0.571,0.6,0.2
30.02,1.574,1.574,0.574,0.6,0.0
30.04,1.574,1.574,0.578,0.6,0.0
30.06,1.574,1.574,0.581,0.6,0.0
30.08,1.574,1.574,0.585,0.6,0.0
30.1,1.573,1.573,0.588,0.6,0.0
30.12,1.574,1.574,0.59,0.6,0.0
30.14,1.574,1.574,0.593,0.6,0.0
30.16,1.574,1.574,0.595,0.6,0.0
30.18,1.574,1.574,0.599,0.6,0.0
30.2,1.575,1.575,0.6,0.6,0.0
30.22,1.575,1.575,0.602,0.6,0.0
30.24,1.575,1.575,0.602,0.6,0.0
30.26,1.576,1.576,0.604,0.6,0.0
30.28,1.576,1.576,0.604,0.6,0.0
30.3,1.577,1.577,0.604,0.6,0.0
30.32,1.578,1.578,0.604,0.6,0.0
30.34,1.579,1.579,0.602,0.6,0.0
30.36,1.58,1.58,0.6,0.6,0.0
30.38,1.581,1.581,0.599,0.6,0.0
30.4,1.581,1.581,0.597,0.6,0.0
30.42,1.582,1.582,0.595,0.6,0.0
30.44,1.584,1.584,0.592,0.6,0.0
30.46,1.585,1.585,0.588,0.6,0.0
30.48,1.586,1.586,0.585,0.6,0.0
30.5,1.587,1.587,0.581,0.6,0.0
30.52,1.589,1.589,0.576,0.6,0.0
30.54,1.59,1.59,0.572,0.6,0.0
30.56,1.592,1.592,0.567,0.6,0.0
30.58,1.593,1.593,0.564,0.6,0.0
30.6,1.595,1.595,0.559,0.6,0.0
30.62,1.596,1.596,0.553,0.6,0.0
30.64,1.598,1.598,0.548,0.6,0.0
30.66,1.6,1.6,0.543,0.6,0.0
30.68,1.601,1.601,0.539,0.6,0.0
30.7,1.603,1.603,0.534,0.6,0.0
30.72,1.605,1.605,0.529,0.6,0.0
30.74,1.606,1.606,0.524,0.6,0.0
30.76,1.608,1.608,0.52,0.6,0.0
30.78,1.61,1.61,0.515,0.6,0.0
30.8,1.611,1.611,0.511,0.6,0.0
30.82,1.613,1.613,0.508,0.6,0.0
30.84,1.615,1.615,0.504,0.6,0.0
30.86,1.616,1.616,0.501,0.6,0.0
30.88,1.618,1.618,0.497,0.6,0.0
30.9,1.62,1.62,0.496,0.6,0.0
30.92,1.622,1.622,0.492,0.6,0.0
30.94,1.624,1.624,0.49,0.6,0.0
30.96,1.625,1.625,0.489,0.6,0.0
30.98,1.627,1.627,0.489,0.6,0.0
31.0,1.629,1.629,0.487,0.6,0.0
31.02,1.63,1.63,0.487,0.6,0.0
31.04,1.632,1.632,0.487,0.6,0.0
31.06,1.634,1.634,0.487,0.6,0.0
31.08,1.635,1.635,0.489,0.6,0.0
31.1,1.637,1.637,0.49,0.6,0.0
31.12,1.638,1.638,0.492,0.6,0.0
31.14,1.64,1.64,0.494,0.6,0.0
31.16,1.642,1.642,0.497,0.6,0.0
31.18,1.643,1.643,0.499,0.6,0.0
31.2,1.645,1.645,0.503,0.6,0.0
31.22,1.647,1.647,0.506,0.6,0.0
31.24,1.648,1.648,0.51,0.6,0.0
31.26,1.649,1.649,0.515,0.6,0.0
31.28,1.651,1.651,0.518,0.6,0.0
31.3,1.652,1.652,0.524,0.6,0.0
31.32,1.654,1.654,0.529,0.6,0.0
31.34,1.655,1.655,0.534,0.6,0.0
