Tiempo ,CONTROL,ANGULO,REFERENCIA,PERTURBACION
-0.4,0.0,0.0,0.0,0.0
-0.38,0.0,0.0,0.0,0.0
-0.36,0.0,0.0,0.0,0.0
-0.34,0.0,0.0,0.0,0.0
-0.32,0.0,0.0,0.0,0.0
-0.3,0.0,0.0,0.0,0.0
-0.28,0.0,0.0,0.0,0.0
-0.26,0.0,0.0,0.0,0.0
-0.24,0.0,0.0,0.0,0.0
-0.22,0.0,0.0,0.0,0.0
-0.2,0.0,0.0,0.0,0.0
-0.18,0.0,0.0,0.0,0.0
-0.16,0.0,0.0,0.0,0.0
-0.14,0.0,0.0,0.0,0.0
-0.12,0.0,0.0,0.0,0.0
-0.1,0.0,0.0,0.0,0.0
-0.08,0.0,0.0,0.0,0.0
-0.06,0.0,0.0,0.0,0.0
-0.04,0.0,0.0,0.0,0.0
-0.02,0.0,0.0,0.0,0.0
0.0,0.0,-0.0,0.0,0.0
0.02,0.0,-0.0,0.0,0.0
0.04,0.132,-0.0,0.6,0.0
0.06,0.127,-0.0,0.6,0.0
0.08,0.124,-0.0,0.6,0.0
0.1,0.124,-0.0,0.6,0.0
0.12,0.126,-0.0,0.6,0.0
0.14,0.131,-0.0,0.6,0.0
0.16,0.137,-0.0,0.6,0.0
0.18,0.146,-0.0,0.6,0.0
0.2,0.157,-0.0,0.6,0.0
0.22,0.17,-0.0,0.6,0.0
0.24,0.185,-0.0,0.6,0.0
0.26,0.202,-0.0,0.6,0.0
0.28,0.22,-0.0,0.6,0.0
0.3,0.24,-0.0,0.6,0.0
0.32,0.262,-0.0,0.6,0.0
0.34,0.285,-0.0,0.6,0.0
0.36,0.309,-0.0,0.6,0.0
0.38,0.335,-0.0,0.6,0.0
0.4,0.363,-0.0,0.6,0.0
0.42,0.391,-0.0,0.6,0.0
0.44,0.421,-0.0,0.6,0.0
0.46,0.452,-0.0,0.6,0.0
0.48,0.485,-0.0,0.6,0.0
0.5,0.518,0.002,0.6,0.0
0.52,0.552,0.002,0.6,0.0
0.54,0.588,0.002,0.6,0.0
0.56,0.624,0.003,0.6,0.0
0.58,0.661,0.005,0.6,0.0
0.6,0.699,0.007,0.6,0.0
0.62,0.738,0.009,0.6,0.0
0.64,0.777,0.012,0.6,0.0
0.66,0.817,0.016,0.6,0.0
0.68,0.858,0.019,0.6,0.0
0.7,0.899,0.024,0.6,0.0
0.72,0.94,0.031,0.6,0.0
0.74,0.982,0.038,0.6,0.0
0.76,1.025,0.045,0.6,0.0
0.78,1.068,0.054,0.6,0.0
0.8,1.111,0.065,0.6,0.0
0.82,1.154,0.075,0.6,0.0
0.84,1.197,0.087,0.6,0.0
0.86,1.241,0.099,0.6,0.0
0.88,1.285,0.113,0.6,0.0
0.9,1.329,0.129,0.6,0.0
0.92,1.372,0.147,0.6,0.0
0.94,1.415,0.164,0.6,0.0
0.96,1.459,0.183,0.6,0.0
0.98,1.501,0.204,0.6,0.0
1.0,1.544,0.225,0.6,0.0
1.02,1.587,0.248,0.6,0.0
1.04,1.628,0.272,0.6,0.0
1.06,1.669,0.298,0.6,0.0
1.08,1.71,0.325,0.6,0.0
1.1,1.75,0.353,0.6,0.0
1.12,1.789,0.38,0.6,0.0
1.14,1.828,0.41,0.6,0.0
1.16,1.866,0.44,0.6,0.0
1.18,1.902,0.471,0.6,0.0
1.2,1.938,0.503,0.6,0.0
1.22,1.973,0.534,0.6,0.0
1.24,2.007,0.567,0.6,0.0
1.26,2.039,0.6,0.6,0.0
1.28,2.07,0.634,0.6,0.0
1.3,2.1,0.668,0.6,0.0
1.32,2.129,0.702,0.6,0.0
1.34,2.156,0.735,0.6,0.0
1.36,2.182,0.768,0.6,0.0
1.38,2.206,0.801,0.6,0.0
1.4,2.229,0.834,0.6,0.0
1.42,2.25,0.866,0.6,0.0
1.44,2.269,0.897,0.6,0.0
1.46,2.287,0.927,0.6,0.0
1.48,2.304,0.956,0.6,0.0
1.5,2.318,0.984,0.6,0.0
1.52,2.331,1.011,0.6,0.0
1.54,2.342,1.035,0.6,0.0
1.56,2.351,1.059,0.6,0.0
1.58,2.359,1.082,0.6,0.0
1.6,2.365,1.101,0.6,0.0
1.62,2.369,1.121,0.6,0.0
1.64,2.371,1.138,0.6,0.0
1.66,2.372,1.152,0.6,0.0
1.68,2.37,1.166,0.6,0.0
1.7,2.367,1.178,0.6,0.0
1.72,2.362,1.187,0.6,0.0
1.74,2.356,1.196,0.6,0.0
1.76,2.348,1.201,0.6,0.0
1.78,2.338,1.204,0.6,0.0
1.8,2.327,1.206,0.6,0.0
1.82,2.314,1.206,0.6,0.0
1.84,2.299,1.204,0.6,0.0
1.86,2.283,1.201,0.6,0.0
1.88,2.266,1.196,0.6,0.0
1.9,2.247,1.189,0.6,0.0
1.92,2.228,1.178,0.6,0.0
1.94,2.207,1.168,0.6,0.0
1.96,2.185,1.155,0.6,0.0
1.98,2.162,1.14,0.6,0.0
2.0,2.138,1.124,0.6,0.0
2.02,2.113,1.107,0.6,0.0
2.04,2.087,1.087,0.6,0.0
2.06,2.061,1.066,0.6,0.0
2.08,2.034,1.044,0.6,0.0
2.1,2.007,1.021,0.6,0.0
2.12,1.979,0.997,0.6,0.0
2.14,1.951,0.97,0.6,0.0
2.16,1.922,0.944,0.6,0.0
2.18,1.894,0.916,0.6,0.0
2.2,1.865,0.888,0.6,0.0
2.22,1.837,0.859,0.6,0.0
2.24,1.809,0.827,0.6,0.0
2.26,1.78,0.798,0.6,0.0
2.28,1.753,0.766,0.6,0.0
2.3,1.725,0.735,0.6,0.0
2.32,1.698,0.703,0.6,0.0
2.34,1.672,0.672,0.6,0.0
2.36,1.646,0.639,0.6,0.0
2.38,1.621,0.607,0.6,0.0
2.4,1.597,0.576,0.6,0.0
2.42,1.574,0.545,0.6,0.0
2.44,1.552,0.513,0.6,0.0
2.46,1.53,0.483,0.6,0.0
2.48,1.51,0.454,0.6,0.0
2.5,1.49,0.426,0.6,0.0
2.52,1.472,0.398,0.6,0.0
2.54,1.455,0.372,0.6,0.0
2.56,1.44,0.346,0.6,0.0
2.58,1.425,0.323,0.6,0.0
2.6,1.412,0.3,0.6,0.0
2.62,1.4,0.281,0.6,0.0
2.64,1.389,0.262,0.6,0.0
2.66,1.38,0.244,0.6,0.0
2.68,1.372,0.229,0.6,0.0
2.7,1.365,0.216,0.6,0.0
2.72,1.359,0.206,0.6,0.0
2.74,1.355,0.195,0.6,0.0
2.76,1.352,0.188,0.6,0.0
2.78,1.351,0.183,0.6,0.0
2.8,1.35,0.182,0.6,0.0
2.82,1.351,0.18,0.6,0.0
2.84,1.353,0.182,0.6,0.0
2.86,1.357,0.185,0.6,0.0
2.88,1.361,0.19,0.6,0.0
2.9,1.366,0.197,0.6,0.0
2.92,1.373,0.206,0.6,0.0
2.94,1.38,0.218,0.6,0.0
2.96,1.388,0.23,0.6,0.0
2.98,1.397,0.244,0.6,0.0
3.0,1.407,0.26,0.6,0.0
3.02,1.418,0.278,0.6,0.0
3.04,1.429,0.295,0.6,0.0
3.06,1.441,0.314,0.6,0.0
3.08,1.454,0.335,0.6,0.0
3.1,1.467,0.356,0.6,0.0
3.12,1.48,0.379,0.6,0.0
3.14,1.493,0.401,0.6,0.0
3.16,1.507,0.424,0.6,0.0
3.18,1.521,0.449,0.6,0.0
3.2,1.535,0.471,0.6,0.0
3.22,1.549,0.496,0.6,0.0
3.24,1.563,0.518,0.6,0.0
3.26,1.577,0.543,0.6,0.0
3.28,1.591,0.565,0.6,0.0
3.3,1.605,0.588,0.6,0.0
3.32,1.618,0.611,0.6,0.0
3.34,1.631,0.632,0.6,0.0
3.36,1.643,0.653,0.6,0.0
3.38,1.656,0.672,0.6,0.0
3.4,1.667,0.691,0.6,0.0
3.42,1.678,0.71,0.6,0.0
3.44,1.688,0.728,0.6,0.0
3.46,1.698,0.744,0.6,0.0
3.48,1.708,0.757,0.6,0.0
3.5,1.716,0.771,0.6,0.0
3.52,1.724,0.784,0.6,0.0
3.54,1.731,0.796,0.6,0.0
3.56,1.737,0.806,0.6,0.0
3.58,1.743,0.813,0.6,0.0
3.6,1.748,0.822,0.6,0.0
3.62,1.752,0.827,0.6,0.0
3.64,1.755,0.833,0.6,0.0
3.66,1.758,0.836,0.6,0.0
3.68,1.759,0.838,0.6,0.0
3.7,1.761,0.838,0.6,0.0
3.72,1.761,0.838,0.6,0.0
3.74,1.761,0.836,0.6,0.0
3.76,1.76,0.833,0.6,0.0
3.78,1.758,0.829,0.6,0.0
3.8,1.756,0.824,0.6,0.0
3.82,1.753,0.817,0.6,0.0
3.84,1.75,0.81,0.6,0.0
3.86,1.746,0.801,0.6,0.0
3.88,1.742,0.791,0.6,0.0
3.9,1.737,0.78,0.6,0.0
3.92,1.732,0.77,0.6,0.0
3.94,1.726,0.757,0.6,0.0
3.96,1.721,0.744,0.6,0.0
3.98,1.715,0.73,0.6,0.0
4.0,1.708,0.716,0.6,0.0
4.02,1.702,0.7,0.6,0.0
4.04,1.696,0.684,0.6,0.0
4.06,1.689,0.668,0.6,0.0
4.08,1.683,0.653,0.6,0.0
4.1,1.676,0.635,0.6,0.0
4.12,1.67,0.62,0.6,0.0
4.14,1.664,0.602,0.6,0.0
4.16,1.658,0.585,0.6,0.0
4.18,1.652,0.569,0.6,0.0
4.2,1.646,0.552,0.6,0.0
4.22,1.641,0.536,0.6,0.0
4.24,1.636,0.52,0.6,0.0
4.26,1.631,0.504,0.6,0.0
4.28,1.627,0.489,0.6,0.0
4.3,1.624,0.475,0.6,0.0
4.32,1.62,0.461,0.6,0.0
4.34,1.617,0.449,0.6,0.0
4.36,1.615,0.436,0.6,0.0
4.38,1.613,0.426,0.6,0.0
4.4,1.612,0.415,0.6,0.0
4.42,1.611,0.407,0.6,0.0
4.44,1.61,0.398,0.6,0.0
4.46,1.611,0.391,0.6,0.0
4.48,1.611,0.386,0.6,0.0
4.5,1.612,0.382,0.6,0.0
4.52,1.614,0.379,0.6,0.0
4.54,1.617,0.375,0.6,0.0
4.56,1.62,0.375,0.6,0.0
4.58,1.623,0.375,0.6,0.0
4.6,1.627,0.377,0.6,0.0
4.62,1.632,0.379,0.6,0.0
4.64,1.637,0.382,0.6,0.0
4.66,1.642,0.387,0.6,0.0
4.68,1.647,0.394,0.6,0.0
4.7,1.653,0.401,0.6,0.0
4.72,1.66,0.41,0.6,0.0
4.74,1.667,0.419,0.6,0.0
4.76,1.674,0.429,0.6,0.0
4.78,1.681,0.44,0.6,0.0
4.8,1.688,0.452,0.6,0.0
4.82,1.696,0.464,0.6,0.0
4.84,1.704,0.478,0.6,0.0
4.86,1.712,0.492,0.6,0.0
4.88,1.72,0.506,0.6,0.0
4.9,1.728,0.522,0.6,0.0
4.92,1.735,0.538,0.6,0.0
4.94,1.743,0.553,0.6,0.0
4.96,1.751,0.569,0.6,0.0
4.98,1.759,0.585,0.6,0.0
5.0,1.766,0.6,0.6,0.0
5.02,1.774,0.616,0.6,0.0
5.04,1.78,0.632,0.6,0.0
5.06,1.787,0.648,0.6,0.0
5.08,1.794,0.661,0.6,0.0
5.1,1.799,0.677,0.6,0.0
5.12,1.805,0.691,0.6,0.0
5.14,1.81,0.705,0.6,0.0
5.16,1.815,0.719,0.6,0.0
5.18,1.819,0.731,0.6,0.0
5.2,1.823,0.744,0.6,0.0
5.22,1.826,0.756,0.6,0.0
5.24,1.829,0.766,0.6,0.0
5.26,1.831,0.777,0.6,0.0
5.28,1.832,0.785,0.6,0.0
5.3,1.833,0.794,0.6,0.0
5.32,1.834,0.801,0.6,0.0
5.34,1.833,0.808,0.6,0.0
5.36,1.833,0.813,0.6,0.0
5.38,1.831,0.817,0.6,0.0
5.4,1.829,0.82,0.6,0.0
5.42,1.827,0.824,0.6,0.0
5.44,1.823,0.826,0.6,0.0
5.46,1.82,0.826,0.6,0.0
5.48,1.816,0.826,0.6,0.0
5.5,1.811,0.824,0.6,0.0
5.52,1.806,0.822,0.6,0.0
5.54,1.8,0.819,0.6,0.0
5.56,1.794,0.813,0.6,0.0
5.58,1.788,0.808,0.6,0.0
5.6,1.78,0.803,0.6,0.0
5.62,1.773,0.796,0.6,0.0
5.64,1.766,0.787,0.6,0.0
5.66,1.758,0.778,0.6,0.0
5.68,1.75,0.768,0.6,0.0
5.7,1.741,0.757,0.6,0.0
5.72,1.733,0.747,0.6,0.0
5.74,1.724,0.735,0.6,0.0
5.76,1.715,0.723,0.6,0.0
5.78,1.706,0.709,0.6,0.0
5.8,1.698,0.695,0.6,0.0
5.82,1.689,0.681,0.6,0.0
5.84,1.68,0.665,0.6,0.0
5.86,1.671,0.651,0.6,0.0
5.88,1.663,0.635,0.6,0.0
5.9,1.655,0.62,0.6,0.0
5.92,1.647,0.604,0.6,0.0
5.94,1.639,0.588,0.6,0.0
5.96,1.631,0.572,0.6,0.0
5.98,1.624,0.557,0.6,0.0
6.0,1.617,0.541,0.6,0.0
6.02,1.611,0.527,0.6,0.0
6.04,1.605,0.511,0.6,0.0
6.06,1.599,0.497,0.6,0.0
6.08,1.594,0.483,0.6,0.0
6.1,1.589,0.469,0.6,0.0
6.12,1.585,0.457,0.6,0.0
6.14,1.582,0.445,0.6,0.0
6.16,1.579,0.433,0.6,0.0
6.18,1.576,0.422,0.6,0.0
6.2,1.574,0.414,0.6,0.0
6.22,1.573,0.405,0.6,0.0
6.24,1.572,0.396,0.6,0.0
6.26,1.572,0.391,0.6,0.0
6.28,1.573,0.384,0.6,0.0
6.3,1.573,0.38,0.6,0.0
6.32,1.575,0.375,0.6,0.0
6.34,1.577,0.374,0.6,0.0
6.36,1.58,0.372,0.6,0.0
6.38,1.583,0.372,0.6,0.0
6.4,1.587,0.372,0.6,0.0
6.42,1.592,0.374,0.6,0.0
6.44,1.597,0.377,0.6,0.0
6.46,1.602,0.38,0.6,0.0
6.48,1.608,0.386,0.6,0.0
6.5,1.614,0.391,0.6,0.0
6.52,1.621,0.398,0.6,0.0
6.54,1.628,0.405,0.6,0.0
6.56,1.635,0.414,0.6,0.0
6.58,1.643,0.424,0.6,0.0
6.6,1.651,0.435,0.6,0.0
6.62,1.659,0.445,0.6,0.0
6.64,1.668,0.456,0.6,0.0
6.66,1.676,0.468,0.6,0.0
6.68,1.684,0.482,0.6,0.0
6.7,1.693,0.494,0.6,0.0
6.72,1.702,0.508,0.6,0.0
6.74,1.711,0.522,0.6,0.0
6.76,1.72,0.536,0.6,0.0
6.78,1.728,0.55,0.6,0.0
6.8,1.737,0.565,0.6,0.0
6.82,1.745,0.579,0.6,0.0
6.84,1.753,0.593,0.6,0.0
6.86,1.761,0.609,0.6,0.0
6.88,1.769,0.623,0.6,0.0
6.9,1.776,0.637,0.6,0.0
6.92,1.783,0.651,0.6,0.0
6.94,1.79,0.663,0.6,0.0
6.96,1.796,0.677,0.6,0.0
6.98,1.802,0.689,0.6,0.0
7.0,1.808,0.702,0.6,0.0
7.02,1.813,0.714,0.6,0.0
7.04,1.817,0.724,0.6,0.0
7.06,1.821,0.735,0.6,0.0
7.08,1.825,0.745,0.6,0.0
7.1,1.828,0.754,0.6,0.0
7.12,1.83,0.763,0.6,0.0
7.14,1.832,0.771,0.6,0.0
7.16,1.834,0.777,0.6,0.0
7.18,1.834,0.784,0.6,0.0
7.2,1.834,0.789,0.6,0.0
7.22,1.834,0.792,0.6,0.0
7.24,1.833,0.796,0.6,0.0
7.26,1.832,0.798,0.6,0.0
7.28,1.83,0.799,0.6,0.0
7.3,1.827,0.801,0.6,0.0
7.32,1.825,0.799,0.6,0.0
7.34,1.821,0.799,0.6,0.0
7.36,1.817,0.798,0.6,0.0
7.38,1.813,0.794,0.6,0.0
7.4,1.808,0.791,0.6,0.0
7.42,1.803,0.785,0.6,0.0
7.44,1.798,0.78,0.6,0.0
7.46,1.791,0.775,0.6,0.0
7.48,1.785,0.768,0.6,0.0
7.5,1.779,0.759,0.6,0.0
7.52,1.772,0.752,0.6,0.0
7.54,1.765,0.742,0.6,0.0
7.56,1.758,0.733,0.6,0.0
7.58,1.751,0.723,0.6,0.0
7.6,1.743,0.712,0.6,0.0
7.62,1.735,0.702,0.6,0.0
7.64,1.728,0.689,0.6,0.0
7.66,1.72,0.677,0.6,0.0
7.68,1.713,0.665,0.6,0.0
7.7,1.705,0.653,0.6,0.0
7.72,1.698,0.639,0.6,0.0
7.74,1.69,0.627,0.6,0.0
7.76,1.683,0.613,0.6,0.0
7.78,1.676,0.6,0.6,0.0
7.8,1.67,0.586,0.6,0.0
7.82,1.663,0.574,0.6,0.0
7.84,1.657,0.56,0.6,0.0
7.86,1.651,0.548,0.6,0.0
7.88,1.645,0.536,0.6,0.0
7.9,1.641,0.522,0.6,0.0
7.92,1.635,0.511,0.6,0.0
7.94,1.631,0.499,0.6,0.0
7.96,1.627,0.489,0.6,0.0
7.98,1.624,0.478,0.6,0.0
8.0,1.621,0.468,0.6,0.0
8.02,1.618,0.459,0.6,0.0
8.04,1.616,0.45,0.6,0.0
8.06,1.614,0.443,0.6,0.0
8.08,1.613,0.436,0.6,0.0
8.1,1.612,0.429,0.6,0.0
8.12,1.612,0.424,0.6,0.0
8.14,1.612,0.421,0.6,0.0
8.16,1.613,0.417,0.6,0.0
8.18,1.615,0.414,0.6,0.0
8.2,1.617,0.412,0.6,0.0
8.22,1.619,0.412,0.6,0.0
8.24,1.621,0.412,0.6,0.0
8.26,1.624,0.414,0.6,0.0
8.28,1.628,0.415,0.6,0.0
8.3,1.632,0.417,0.6,0.0
8.32,1.636,0.422,0.6,0.0
8.34,1.641,0.426,0.6,0.0
8.36,1.646,0.431,0.6,0.0
8.38,1.652,0.438,0.6,0.0
8.4,1.657,0.445,0.6,0.0
8.42,1.664,0.452,0.6,0.0
8.44,1.67,0.461,0.6,0.0
8.46,1.676,0.469,0.6,0.0
8.48,1.682,0.48,0.6,0.0
8.5,1.689,0.49,0.6,0.0
8.52,1.696,0.501,0.6,0.0
8.54,1.703,0.511,0.6,0.0
8.56,1.71,0.522,0.6,0.0
8.58,1.717,0.534,0.6,0.0
8.6,1.724,0.545,0.6,0.0
8.62,1.731,0.557,0.6,0.0
8.64,1.738,0.569,0.6,0.0
8.66,1.744,0.581,0.6,0.0
8.68,1.751,0.593,0.6,0.0
8.7,1.757,0.606,0.6,0.0
8.72,1.764,0.616,0.6,0.0
8.74,1.77,0.628,0.6,0.0
8.76,1.776,0.639,0.6,0.0
8.78,1.781,0.651,0.6,0.0
8.8,1.786,0.661,0.6,0.0
8.82,1.791,0.672,0.6,0.0
8.84,1.796,0.681,0.6,0.0
8.86,1.8,0.691,0.6,0.0
8.88,1.803,0.7,0.6,0.0
8.9,1.807,0.709,0.6,0.0
8.92,1.81,0.716,0.6,0.0
8.94,1.812,0.723,0.6,0.0
8.96,1.814,0.73,0.6,0.0
8.98,1.816,0.735,0.6,0.0
9.0,1.817,0.74,0.6,0.0
9.02,1.818,0.745,0.6,0.0
9.04,1.818,0.749,0.6,0.0
9.06,1.818,0.752,0.6,0.0
9.08,1.818,0.754,0.6,0.0
9.1,1.817,0.756,0.6,0.0
9.12,1.815,0.757,0.6,0.0
9.14,1.814,0.757,0.6,0.0
9.16,1.811,0.757,0.6,0.0
9.18,1.809,0.757,0.6,0.0
9.2,1.806,0.756,0.6,0.0
9.22,1.803,0.752,0.6,0.0
9.24,1.799,0.749,0.6,0.0
9.26,1.795,0.745,0.6,0.0
9.28,1.791,0.742,0.6,0.0
9.3,1.786,0.737,0.6,0.0
9.32,1.781,0.731,0.6,0.0
9.34,1.776,0.724,0.6,0.0
9.36,1.771,0.717,0.6,0.0
9.38,1.766,0.71,0.6,0.0
9.4,1.76,0.702,0.6,0.0
9.42,1.754,0.695,0.6,0.0
9.44,1.749,0.686,0.6,0.0
9.46,1.743,0.675,0.6,0.0
9.48,1.737,0.667,0.6,0.0
9.5,1.731,0.656,0.6,0.0
9.52,1.726,0.646,0.6,0.0
9.54,1.72,0.635,0.6,0.0
9.56,1.714,0.625,0.6,0.0
9.58,1.709,0.614,0.6,0.0
9.6,1.703,0.604,0.6,0.0
9.62,1.698,0.593,0.6,0.0
9.64,1.693,0.583,0.6,0.0
9.66,1.688,0.571,0.6,0.0
9.68,1.684,0.56,0.6,0.0
9.7,1.679,0.55,0.6,0.0
9.72,1.675,0.541,0.6,0.0
9.74,1.671,0.531,0.6,0.0
9.76,1.668,0.52,0.6,0.0
9.78,1.665,0.511,0.6,0.0
9.8,1.662,0.503,0.6,0.0
9.82,1.66,0.494,0.6,0.0
9.84,1.658,0.485,0.6,0.0
9.86,1.656,0.478,0.6,0.0
9.88,1.655,0.471,0.6,0.0
9.9,1.655,0.464,0.6,0.0
9.92,1.654,0.459,0.6,0.0
9.94,1.654,0.454,0.6,0.0
9.96,1.655,0.449,0.6,0.0
9.98,1.656,0.445,0.6,0.0
10.0,1.657,0.442,0.6,0.0
10.02,1.659,0.44,0.6,0.0
10.04,1.661,0.438,0.6,0.0
10.06,1.663,0.436,0.6,0.0
10.08,1.666,0.436,0.6,0.0
10.1,1.669,0.438,0.6,0.0
10.12,1.673,0.44,0.6,0.0
10.14,1.677,0.442,0.6,0.0
10.16,1.681,0.445,0.6,0.0
10.18,1.686,0.449,0.6,0.0
10.2,1.691,0.452,0.6,0.0
10.22,1.696,0.457,0.6,0.0
10.24,1.701,0.464,0.6,0.0
10.26,1.707,0.469,0.6,0.0
10.28,1.712,0.476,0.6,0.0
10.3,1.718,0.485,0.6,0.0
10.32,1.724,0.492,0.6,0.0
10.34,1.731,0.501,0.6,0.0
10.36,1.736,0.511,0.6,0.0
10.38,1.743,0.52,0.6,0.0
10.4,1.749,0.531,0.6,0.0
10.42,1.755,0.541,0.6,0.0
10.44,1.762,0.552,0.6,0.0
10.46,1.768,0.562,0.6,0.0
10.48,1.774,0.572,0.6,0.0
10.5,1.78,0.583,0.6,0.0
10.52,1.786,0.593,0.6,0.0
10.54,1.792,0.606,0.6,0.0
10.56,1.797,0.616,0.6,0.0
10.58,1.803,0.627,0.6,0.0
10.6,1.807,0.639,0.6,0.0
10.62,1.812,0.649,0.6,0.0
10.64,1.817,0.66,0.6,0.0
10.66,1.821,0.67,0.6,0.0
10.68,1.824,0.681,0.6,0.0
10.7,1.828,0.689,0.6,0.0
10.72,1.831,0.7,0.6,0.0
10.74,1.834,0.709,0.6,0.0
10.76,1.836,0.717,0.6,0.0
10.78,1.838,0.724,0.6,0.0
10.8,1.839,0.733,0.6,0.0
10.82,1.84,0.74,0.6,0.0
10.84,1.841,0.745,0.6,0.0
10.86,1.84,0.752,0.6,0.0
10.88,1.84,0.757,0.6,0.0
10.9,1.839,0.761,0.6,0.0
10.92,1.838,0.766,0.6,0.0
10.94,1.836,0.768,0.6,0.0
10.96,1.834,0.771,0.6,0.0
10.98,1.831,0.773,0.6,0.0
11.0,1.828,0.775,0.6,0.0
11.02,1.825,0.775,0.6,0.0
11.04,1.821,0.775,0.6,0.0
11.06,1.817,0.773,0.6,0.0
11.08,1.812,0.771,0.6,0.0
11.1,1.807,0.77,0.6,0.0
11.12,1.802,0.766,0.6,0.0
11.14,1.796,0.763,0.6,0.0
11.16,1.79,0.759,0.6,0.0
11.18,1.784,0.754,0.6,0.0
11.2,1.778,0.749,0.6,0.0
11.22,1.771,0.742,0.6,0.0
11.24,1.764,0.735,0.6,0.0
11.26,1.757,0.728,0.6,0.0
11.28,1.75,0.719,0.6,0.0
11.3,1.743,0.71,0.6,0.0
11.32,1.735,0.702,0.6,0.0
11.34,1.728,0.693,0.6,0.0
11.36,1.721,0.682,0.6,0.0
11.38,1.713,0.672,0.6,0.0
11.4,1.706,0.661,0.6,0.0
11.42,1.698,0.651,0.6,0.0
11.44,1.691,0.639,0.6,0.0
11.46,1.684,0.628,0.6,0.0
11.48,1.677,0.616,0.6,0.0
11.5,1.671,0.604,0.6,0.0
11.52,1.664,0.593,0.6,0.0
11.54,1.658,0.581,0.6,0.0
11.56,1.652,0.569,0.6,0.0
11.58,1.646,0.559,0.6,0.0
11.6,1.641,0.546,0.6,0.0
11.62,1.636,0.536,0.6,0.0
11.64,1.631,0.525,0.6,0.0
11.66,1.627,0.515,0.6,0.0
11.68,1.623,0.504,0.6,0.0
11.7,1.619,0.496,0.6,0.0
11.72,1.616,0.487,0.6,0.0
11.74,1.613,0.478,0.6,0.0
11.76,1.611,0.469,0.6,0.0
11.78,1.609,0.463,0.6,0.0
11.8,1.608,0.456,0.6,0.0
11.82,1.607,0.45,0.6,0.0
11.84,1.606,0.443,0.6,0.0
11.86,1.606,0.44,0.6,0.0
11.88,1.607,0.435,0.6,0.0
11.9,1.608,0.431,0.6,0.0
11.92,1.609,0.429,0.6,0.0
11.94,1.611,0.428,0.6,0.0
11.96,1.613,0.426,0.6,0.0
11.98,1.616,0.426,0.6,0.0
12.0,1.619,0.426,0.6,0.0
12.02,1.623,0.426,0.6,0.0
12.04,1.627,0.428,0.6,0.0
12.06,1.631,0.431,0.6,0.0
12.08,1.636,0.435,0.6,0.0
12.1,1.641,0.438,0.6,0.0
12.12,1.647,0.442,0.6,0.0
12.14,1.652,0.447,0.6,0.0
12.16,1.658,0.454,0.6,0.0
12.18,1.664,0.459,0.6,0.0
12.2,1.671,0.466,0.6,0.0
12.22,1.677,0.475,0.6,0.0
12.24,1.684,0.482,0.6,0.0
12.26,1.691,0.49,0.6,0.0
12.28,1.698,0.499,0.6,0.0
12.3,1.705,0.508,0.6,0.0
12.32,1.712,0.518,0.6,0.0
12.34,1.719,0.527,0.6,0.0
12.36,1.726,0.538,0.6,0.0
12.38,1.734,0.548,0.6,0.0
12.4,1.741,0.559,0.6,0.0
12.42,1.747,0.569,0.6,0.0
12.44,1.754,0.579,0.6,0.0
12.46,1.761,0.59,0.6,0.0
12.48,1.767,0.6,0.6,0.0
12.5,1.774,0.611,0.6,0.0
12.52,1.78,0.621,0.6,0.0
12.54,1.785,0.632,0.6,0.0
12.56,1.791,0.642,0.6,0.0
12.58,1.796,0.653,0.6,0.0
12.6,1.801,0.661,0.6,0.0
12.62,1.806,0.67,0.6,0.0
12.64,1.81,0.681,0.6,0.0
12.66,1.814,0.688,0.6,0.0
12.68,1.817,0.696,0.6,0.0
12.7,1.82,0.705,0.6,0.0
12.72,1.823,0.712,0.6,0.0
12.74,1.825,0.719,0.6,0.0
12.76,1.827,0.724,0.6,0.0
12.78,1.828,0.731,0.6,0.0
12.8,1.829,0.737,0.6,0.0
12.82,1.829,0.742,0.6,0.0
12.84,1.829,0.745,0.6,0.0
12.86,1.829,0.749,0.6,0.0
12.88,1.829,0.75,0.6,0.0
12.9,1.827,0.754,0.6,0.0
12.92,1.825,0.756,0.6,0.0
12.94,1.823,0.756,0.6,0.0
12.96,1.821,0.756,0.6,0.0
12.98,1.818,0.756,0.6,0.0
13.0,1.815,0.756,0.6,0.0
13.02,1.811,0.754,0.6,0.0
13.04,1.808,0.75,0.6,0.0
13.06,1.803,0.749,0.6,0.0
13.08,1.799,0.745,0.6,0.0
13.1,1.794,0.74,0.6,0.0
13.12,1.789,0.737,0.6,0.0
13.14,1.783,0.731,0.6,0.0
13.16,1.778,0.724,0.6,0.0
13.18,1.772,0.719,0.6,0.0
13.2,1.766,0.712,0.6,0.0
13.22,1.76,0.705,0.6,0.0
13.24,1.754,0.698,0.6,0.0
13.26,1.748,0.689,0.6,0.0
13.28,1.742,0.681,0.6,0.0
13.3,1.736,0.672,0.6,0.0
13.32,1.729,0.663,0.6,0.0
13.34,1.723,0.654,0.6,0.0
13.36,1.717,0.644,0.6,0.0
13.38,1.71,0.635,0.6,0.0
13.4,1.704,0.625,0.6,0.0
13.42,1.699,0.614,0.6,0.0
13.44,1.693,0.606,0.6,0.0
13.46,1.687,0.595,0.6,0.0
13.48,1.682,0.585,0.6,0.0
13.5,1.677,0.574,0.6,0.0
13.52,1.671,0.565,0.6,0.0
13.54,1.667,0.555,0.6,0.0
13.56,1.662,0.546,0.6,0.0
13.58,1.659,0.536,0.6,0.0
13.6,1.655,0.527,0.6,0.0
13.62,1.651,0.518,0.6,0.0
13.64,1.648,0.511,0.6,0.0
13.66,1.645,0.503,0.6,0.0
13.68,1.643,0.496,0.6,0.0
13.7,1.641,0.489,0.6,0.0
13.72,1.639,0.483,0.6,0.0
13.74,1.638,0.476,0.6,0.0
13.76,1.637,0.471,0.6,0.0
13.78,1.637,0.468,0.6,0.0
13.8,1.637,0.463,0.6,0.0
13.82,1.637,0.459,0.6,0.0
13.84,1.638,0.457,0.6,0.0
13.86,1.639,0.454,0.6,0.0
13.88,1.641,0.452,0.6,0.0
13.9,1.642,0.452,0.6,0.0
13.92,1.645,0.452,0.6,0.0
13.94,1.647,0.452,0.6,0.0
13.96,1.651,0.452,0.6,0.0
13.98,1.654,0.454,0.6,0.0
14.0,1.658,0.456,0.6,0.0
14.02,1.662,0.459,0.6,0.0
14.04,1.666,0.463,0.6,0.0
14.06,1.67,0.466,0.6,0.0
14.08,1.675,0.471,0.6,0.0
14.1,1.68,0.476,0.6,0.0
14.12,1.685,0.482,0.6,0.0
14.14,1.69,0.489,0.6,0.0
14.16,1.696,0.494,0.6,0.0
14.18,1.702,0.501,0.6,0.0
14.2,1.707,0.51,0.6,0.0
14.22,1.713,0.517,0.6,0.0
14.24,1.719,0.525,0.6,0.0
14.26,1.725,0.534,0.6,0.0
14.28,1.731,0.541,0.6,0.0
14.3,1.737,0.552,0.6,0.0
14.32,1.743,0.56,0.6,0.0
14.34,1.749,0.569,0.6,0.0
14.36,1.755,0.578,0.6,0.0
14.38,1.76,0.586,0.6,0.0
14.4,1.766,0.597,0.6,0.0
14.42,1.771,0.606,0.6,0.0
14.44,1.776,0.614,0.6,0.0
14.46,1.781,0.623,0.6,0.0
14.48,1.786,0.632,0.6,0.0
14.5,1.79,0.641,0.6,0.0
14.52,1.795,0.649,0.6,0.0
14.54,1.798,0.658,0.6,0.0
14.56,1.802,0.665,0.6,0.0
14.58,1.806,0.672,0.6,0.0
14.6,1.809,0.679,0.6,0.0
14.62,1.812,0.686,0.6,0.0
14.64,1.814,0.693,0.6,0.0
14.66,1.816,0.698,0.6,0.0
14.68,1.818,0.703,0.6,0.0
14.7,1.819,0.709,0.6,0.0
14.72,1.82,0.714,0.6,0.0
14.74,1.82,0.717,0.6,0.0
14.76,1.821,0.721,0.6,0.0
14.78,1.82,0.724,0.6,0.0
14.8,1.82,0.726,0.6,0.0
14.82,1.819,0.728,0.6,0.0
14.84,1.818,0.73,0.6,0.0
14.86,1.817,0.73,0.6,0.0
14.88,1.815,0.731,0.6,0.0
14.9,1.812,0.731,0.6,0.0
14.92,1.81,0.73,0.6,0.0
14.94,1.807,0.728,0.6,0.0
14.96,1.804,0.726,0.6,0.0
14.98,1.801,0.724,0.6,0.0
15.0,1.797,0.723,0.6,0.0
15.02,1.793,0.719,0.6,0.0
15.04,1.789,0.716,0.6,0.0
15.06,1.784,0.71,0.6,0.0
15.08,1.78,0.707,0.6,0.0
15.1,1.775,0.702,0.6,0.0
15.12,1.771,0.695,0.6,0.0
15.14,1.765,0.689,0.6,0.0
15.16,1.76,0.682,0.6,0.0
15.18,1.755,0.677,0.6,0.0
15.2,1.75,0.67,0.6,0.0
15.22,1.745,0.663,0.6,0.0
15.24,1.74,0.654,0.6,0.0
15.26,1.734,0.648,0.6,0.0
15.28,1.729,0.639,0.6,0.0
15.3,1.724,0.632,0.6,0.0
15.32,1.719,0.623,0.6,0.0
15.34,1.714,0.614,0.6,0.0
15.36,1.709,0.607,0.6,0.0
15.38,1.704,0.599,0.6,0.0
15.4,1.7,0.59,0.6,0.0
15.42,1.695,0.583,0.6,0.0
15.44,1.691,0.574,0.6,0.0
15.46,1.687,0.565,0.6,0.0
15.48,1.683,0.559,0.6,0.0
15.5,1.679,0.552,0.6,0.0
15.52,1.676,0.543,0.6,0.0
15.54,1.673,0.536,0.6,0.0
15.56,1.671,0.529,0.6,0.0
15.58,1.668,0.524,0.6,0.0
15.6,1.666,0.517,0.6,0.0
15.62,1.664,0.511,0.6,0.0
15.64,1.663,0.506,0.6,0.0
15.66,1.662,0.501,0.6,0.0
15.68,1.661,0.496,0.6,0.0
15.7,1.66,0.492,0.6,0.0
15.72,1.66,0.489,0.6,0.0
15.74,1.66,0.485,0.6,0.0
15.76,1.66,0.483,0.6,0.0
15.78,1.661,0.482,0.6,0.0
15.8,1.662,0.48,0.6,0.0
15.82,1.664,0.48,0.6,0.0
15.84,1.665,0.48,0.6,0.0
15.86,1.667,0.48,0.6,0.0
15.88,1.67,0.48,0.6,0.0
15.9,1.672,0.482,0.6,0.0
15.92,1.675,0.483,0.6,0.0
15.94,1.678,0.487,0.6,0.0
15.96,1.681,0.49,0.6,0.0
15.98,1.685,0.494,0.6,0.0
16.0,1.688,0.497,0.6,0.0
16.02,1.692,0.503,0.6,0.0
16.04,1.696,0.508,0.6,0.0
16.06,1.7,0.513,0.6,0.0
16.08,1.704,0.52,0.6,0.0
16.1,1.709,0.525,0.6,0.0
16.12,1.713,0.532,0.6,0.0
16.14,1.717,0.539,0.6,0.0
16.16,1.722,0.546,0.6,0.0
16.18,1.727,0.553,0.6,0.0
16.2,1.731,0.562,0.6,0.0
16.22,1.736,0.569,0.6,0.0
16.24,1.74,0.578,0.6,0.0
16.26,1.744,0.585,0.6,0.0
16.28,1.748,0.593,0.6,0.0
16.3,1.753,0.6,0.6,0.0
16.32,1.757,0.609,0.6,0.0
16.34,1.761,0.616,0.6,0.0
16.36,1.764,0.625,0.6,0.0
16.38,1.768,0.632,0.6,0.0
16.4,1.771,0.639,0.6,0.0
16.42,1.774,0.646,0.6,0.0
16.44,1.777,0.653,0.6,0.0
16.46,1.78,0.66,0.6,0.0
16.48,1.782,0.667,0.6,0.0
16.5,1.784,0.672,0.6,0.0
16.52,1.786,0.677,0.6,0.0
16.54,1.788,0.682,0.6,0.0
16.56,1.789,0.688,0.6,0.0
16.58,1.79,0.693,0.6,0.0
16.6,1.791,0.696,0.6,0.0
16.62,1.791,0.7,0.6,0.0
16.64,1.792,0.702,0.6,0.0
16.66,1.791,0.705,0.6,0.0
16.68,1.791,0.707,0.6,0.0
16.7,1.79,0.709,0.6,0.0
16.72,1.789,0.71,0.6,0.0
16.74,1.788,0.71,0.6,0.0
16.76,1.786,0.71,0.6,0.0
16.78,1.784,0.71,0.6,0.0
16.8,1.782,0.709,0.6,0.0
16.82,1.78,0.707,0.6,0.0
16.84,1.777,0.705,0.6,0.0
16.86,1.774,0.703,0.6,0.0
16.88,1.772,0.7,0.6,0.0
16.9,1.768,0.698,0.6,0.0
16.92,1.765,0.693,0.6,0.0
16.94,1.761,0.689,0.6,0.0
16.96,1.758,0.684,0.6,0.0
16.98,1.753,0.681,0.6,0.0
17.0,1.75,0.675,0.6,0.0
17.02,1.746,0.668,0.6,0.0
17.04,1.742,0.663,0.6,0.0
17.06,1.737,0.658,0.6,0.0
17.08,1.733,0.651,0.6,0.0
17.1,1.729,0.644,0.6,0.0
17.12,1.725,0.637,0.6,0.0
17.14,1.721,0.63,0.6,0.0
17.16,1.717,0.623,0.6,0.0
17.18,1.712,0.616,0.6,0.0
17.2,1.708,0.609,0.6,0.0
17.22,1.704,0.602,0.6,0.0
17.24,1.701,0.593,0.6,0.0
17.26,1.697,0.586,0.6,0.0
17.28,1.694,0.579,0.6,0.0
17.3,1.691,0.572,0.6,0.0
17.32,1.687,0.565,0.6,0.0
17.34,1.685,0.559,0.6,0.0
17.36,1.682,0.552,0.6,0.0
17.38,1.68,0.545,0.6,0.0
17.4,1.677,0.539,0.6,0.0
17.42,1.675,0.532,0.6,0.0
17.44,1.674,0.527,0.6,0.0
17.46,1.672,0.522,0.6,0.0
17.48,1.671,0.517,0.6,0.0
17.5,1.67,0.513,0.6,0.0
17.52,1.669,0.508,0.6,0.0
17.54,1.669,0.504,0.6,0.0
17.56,1.669,0.501,0.6,0.0
17.58,1.669,0.499,0.6,0.0
17.6,1.669,0.497,0.6,0.0
17.62,1.67,0.496,0.6,0.0
17.64,1.671,0.494,0.6,0.0
17.66,1.672,0.494,0.6,0.0
17.68,1.674,0.494,0.6,0.0
17.7,1.676,0.494,0.6,0.0
17.72,1.678,0.496,0.6,0.0
17.74,1.68,0.496,0.6,0.0
17.76,1.683,0.497,0.6,0.0
17.78,1.685,0.501,0.6,0.0
17.8,1.688,0.503,0.6,0.0
17.82,1.691,0.506,0.6,0.0
17.84,1.695,0.51,0.6,0.0
17.86,1.698,0.515,0.6,0.0
17.88,1.702,0.518,0.6,0.0
17.9,1.705,0.524,0.6,0.0
17.92,1.709,0.529,0.6,0.0
17.94,1.713,0.534,0.6,0.0
17.96,1.717,0.541,0.6,0.0
17.98,1.721,0.546,0.6,0.0
18.0,1.725,0.553,0.6,0.0
18.02,1.729,0.56,0.6,0.0
18.04,1.732,0.567,0.6,0.0
18.06,1.737,0.572,0.6,0.0
18.08,1.741,0.579,0.6,0.0
18.1,1.745,0.586,0.6,0.0
18.12,1.748,0.595,0.6,0.0
18.14,1.752,0.602,0.6,0.0
18.16,1.755,0.609,0.6,0.0
18.18,1.759,0.616,0.6,0.0
18.2,1.762,0.623,0.6,0.0
18.22,1.765,0.63,0.6,0.0
18.24,1.768,0.635,0.6,0.0
18.26,1.771,0.642,0.6,0.0
18.28,1.773,0.649,0.6,0.0
18.3,1.776,0.654,0.6,0.0
18.32,1.778,0.66,0.6,0.0
18.34,1.779,0.667,0.6,0.0
18.36,1.781,0.67,0.6,0.0
18.38,1.782,0.675,0.6,0.0
18.4,1.783,0.681,0.6,0.0
18.42,1.784,0.684,0.6,0.0
18.44,1.785,0.688,0.6,0.0
18.46,1.785,0.691,0.6,0.0
18.48,1.785,0.695,0.6,0.0
18.5,1.785,0.696,0.6,0.0
18.52,1.784,0.698,0.6,0.0
18.54,1.783,0.7,0.6,0.0
18.56,1.782,0.702,0.6,0.0
18.58,1.781,0.702,0.6,0.0
18.6,1.779,0.702,0.6,0.0
18.62,1.778,0.702,0.6,0.0
18.64,1.775,0.702,0.6,0.0
18.66,1.773,0.7,0.6,0.0
18.68,1.771,0.698,0.6,0.0
18.7,1.768,0.696,0.6,0.0
18.72,1.765,0.695,0.6,0.0
18.74,1.762,0.691,0.6,0.0
18.76,1.759,0.688,0.6,0.0
18.78,1.755,0.684,0.6,0.0
18.8,1.752,0.681,0.6,0.0
18.82,1.748,0.675,0.6,0.0
18.84,1.744,0.672,0.6,0.0
18.86,1.741,0.667,0.6,0.0
18.88,1.737,0.66,0.6,0.0
18.9,1.733,0.654,0.6,0.0
18.92,1.729,0.649,0.6,0.0
18.94,1.725,0.642,0.6,0.0
18.96,1.721,0.635,0.6,0.0
18.98,1.717,0.63,0.6,0.0
19.0,1.713,0.623,0.6,0.0
19.02,1.709,0.616,0.6,0.0
19.04,1.706,0.609,0.6,0.0
19.06,1.702,0.602,0.6,0.0
19.08,1.699,0.595,0.6,0.0
19.1,1.695,0.588,0.6,0.0
19.12,1.692,0.581,0.6,0.0
19.14,1.689,0.574,0.6,0.0
19.16,1.686,0.567,0.6,0.0
19.18,1.683,0.56,0.6,0.0
19.2,1.681,0.553,0.6,0.0
19.22,1.678,0.548,0.6,0.0
19.24,1.676,0.541,0.6,0.0
19.26,1.674,0.536,0.6,0.0
19.28,1.673,0.531,0.6,0.0
19.3,1.672,0.525,0.6,0.0
19.32,1.671,0.52,0.6,0.0
19.34,1.67,0.515,0.6,0.0
19.36,1.669,0.511,0.6,0.0
19.38,1.669,0.508,0.6,0.0
19.4,1.669,0.504,0.6,0.0
19.42,1.669,0.501,0.6,0.0
19.44,1.67,0.499,0.6,0.0
19.46,1.67,0.497,0.6,0.0
19.48,1.672,0.496,0.6,0.0
19.5,1.673,0.496,0.6,0.0
19.52,1.675,0.494,0.6,0.0
19.54,1.676,0.494,0.6,0.0
19.56,1.678,0.496,0.6,0.0
19.58,1.681,0.496,0.6,0.0
19.6,1.683,0.497,0.6,0.0
19.62,1.686,0.499,0.6,0.0
19.64,1.689,0.501,0.6,0.0
19.66,1.692,0.504,0.6,0.0
19.68,1.696,0.506,0.6,0.0
19.7,1.699,0.51,0.6,0.0
19.72,1.703,0.515,0.6,0.0
19.74,1.707,0.518,0.6,0.0
19.76,1.71,0.524,0.6,0.0
19.78,1.714,0.529,0.6,0.0
19.8,1.718,0.534,0.6,0.0
19.82,1.722,0.539,0.6,0.0
19.84,1.727,0.545,0.6,0.0
19.86,1.731,0.552,0.6,0.0
19.88,1.735,0.557,0.6,0.0
19.9,1.739,0.564,0.6,0.0
19.92,1.743,0.571,0.6,0.0
19.94,1.747,0.578,0.6,0.0
19.96,1.751,0.585,0.6,0.0
19.98,1.755,0.592,0.6,0.0
20.0,1.759,0.599,0.6,0.0
20.02,1.763,0.606,0.6,0.0
20.04,1.767,0.613,0.6,0.2
20.06,1.77,0.62,0.6,0.2
20.08,1.773,0.627,0.6,0.2
20.1,1.776,0.634,0.6,0.2
20.12,1.779,0.641,0.6,0.2
20.14,1.782,0.648,0.6,0.2
20.16,1.784,0.654,0.6,0.2
20.18,1.785,0.663,0.6,0.2
20.2,1.787,0.67,0.6,0.2
20.22,1.788,0.679,0.6,0.2
20.24,1.789,0.686,0.6,0.2
20.26,1.79,0.695,0.6,0.2
20.28,1.79,0.703,0.6,0.2
20.3,1.79,0.71,0.6,0.2
20.32,1.789,0.719,0.6,0.2
20.34,1.788,0.728,0.6,0.2
20.36,1.786,0.737,0.6,0.2
20.38,1.784,0.744,0.6,0.2
20.4,1.782,0.752,0.6,0.2
20.42,1.779,0.759,0.6,0.2
20.44,1.776,0.766,0.6,0.2
20.46,1.772,0.773,0.6,0.2
20.48,1.768,0.78,0.6,0.2
20.5,1.763,0.787,0.6,0.2
20.52,1.758,0.792,0.6,0.2
20.54,1.753,0.799,0.6,0.2
20.56,1.747,0.805,0.6,0.2
20.58,1.74,0.808,0.6,0.2
20.6,1.734,0.812,0.6,0.2
20.62,1.727,0.815,0.6,0.2
20.64,1.719,0.819,0.6,0.2
20.66,1.711,0.82,0.6,0.2
20.68,1.702,0.822,0.6,0.2
20.7,1.693,0.824,0.6,0.2
20.72,1.684,0.824,0.6,0.2
20.74,1.675,0.822,0.6,0.2
20.76,1.665,0.82,0.6,0.2
20.78,1.654,0.819,0.6,0.2
20.8,1.644,0.815,0.6,0.2
20.82,1.633,0.812,0.6,0.2
20.84,1.622,0.808,0.6,0.2
20.86,1.61,0.803,0.6,0.2
20.88,1.599,0.796,0.6,0.2
20.9,1.587,0.789,0.6,0.2
20.92,1.575,0.782,0.6,0.2
20.94,1.563,0.773,0.6,0.2
20.96,1.551,0.764,0.6,0.2
20.98,1.539,0.754,0.6,0.2
21.0,1.527,0.744,0.6,0.2
21.02,1.515,0.733,0.6,0.2
21.04,1.503,0.721,0.6,0.2
21.06,1.491,0.709,0.6,0.2
21.08,1.479,0.696,0.6,0.2
21.1,1.467,0.682,0.6,0.2
21.12,1.455,0.668,0.6,0.2
21.14,1.444,0.654,0.6,0.2
21.16,1.433,0.641,0.6,0.2
21.18,1.422,0.625,0.6,0.2
21.2,1.412,0.611,0.6,0.2
21.22,1.402,0.595,0.6,0.2
21.24,1.392,0.579,0.6,0.2
21.26,1.382,0.565,0.6,0.2
21.28,1.373,0.55,0.6,0.2
21.3,1.365,0.534,0.6,0.2
21.32,1.357,0.52,0.6,0.2
21.34,1.35,0.504,0.6,0.2
21.36,1.343,0.49,0.6,0.2
21.38,1.337,0.476,0.6,0.2
21.4,1.331,0.464,0.6,0.2
21.42,1.326,0.45,0.6,0.2
21.44,1.321,0.438,0.6,0.2
21.46,1.318,0.426,0.6,0.2
21.48,1.314,0.415,0.6,0.2
21.5,1.312,0.405,0.6,0.2
21.52,1.31,0.396,0.6,0.2
21.54,1.309,0.387,0.6,0.2
21.56,1.308,0.38,0.6,0.2
21.58,1.308,0.374,0.6,0.2
21.6,1.309,0.367,0.6,0.2
21.62,1.31,0.363,0.6,0.2
21.64,1.313,0.358,0.6,0.2
21.66,1.315,0.356,0.6,0.2
21.68,1.319,0.354,0.6,0.2
21.7,1.323,0.353,0.6,0.2
21.72,1.327,0.354,0.6,0.2
21.74,1.332,0.354,0.6,0.2
21.76,1.338,0.358,0.6,0.2
21.78,1.344,0.361,0.6,0.2
21.8,1.351,0.365,0.6,0.2
21.82,1.358,0.37,0.6,0.2
21.84,1.366,0.377,0.6,0.2
21.86,1.374,0.384,0.6,0.2
21.88,1.383,0.391,0.6,0.2
21.9,1.391,0.401,0.6,0.2
21.92,1.4,0.41,0.6,0.2
21.94,1.41,0.421,0.6,0.2
21.96,1.42,0.431,0.6,0.2
21.98,1.429,0.443,0.6,0.2
22.0,1.439,0.456,0.6,0.2
22.02,1.449,0.468,0.6,0.2
22.04,1.459,0.482,0.6,0.2
22.06,1.47,0.494,0.6,0.2
22.08,1.48,0.508,0.6,0.2
22.1,1.49,0.522,0.6,0.2
22.12,1.5,0.536,0.6,0.2
22.14,1.51,0.552,0.6,0.2
22.16,1.52,0.565,0.6,0.2
22.18,1.53,0.579,0.6,0.2
22.2,1.539,0.593,0.6,0.2
22.22,1.548,0.607,0.6,0.2
22.24,1.557,0.621,0.6,0.2
22.26,1.566,0.635,0.6,0.2
22.28,1.574,0.649,0.6,0.2
22.3,1.582,0.661,0.6,0.2
22.32,1.589,0.674,0.6,0.2
22.34,1.596,0.686,0.6,0.2
22.36,1.603,0.696,0.6,0.2
22.38,1.609,0.707,0.6,0.2
22.4,1.614,0.717,0.6,0.2
22.42,1.619,0.728,0.6,0.2
22.44,1.624,0.737,0.6,0.2
22.46,1.628,0.744,0.6,0.2
22.48,1.631,0.752,0.6,0.2
22.5,1.634,0.757,0.6,0.2
22.52,1.636,0.764,0.6,0.2
22.54,1.638,0.77,0.6,0.2
22.56,1.64,0.773,0.6,0.2
22.58,1.64,0.777,0.6,0.2
22.6,1.64,0.78,0.6,0.2
22.62,1.64,0.782,0.6,0.2
22.64,1.639,0.784,0.6,0.2
22.66,1.637,0.784,0.6,0.2
22.68,1.635,0.784,0.6,0.2
22.7,1.633,0.782,0.6,0.2
22.72,1.63,0.78,0.6,0.2
22.74,1.627,0.777,0.6,0.2
22.76,1.623,0.773,0.6,0.2
22.78,1.619,0.77,0.6,0.2
22.8,1.614,0.764,0.6,0.2
22.82,1.609,0.759,0.6,0.2
22.84,1.604,0.752,0.6,0.2
22.86,1.599,0.745,0.6,0.2
22.88,1.593,0.738,0.6,0.2
22.9,1.587,0.73,0.6,0.2
22.92,1.581,0.721,0.6,0.2
22.94,1.574,0.712,0.6,0.2
22.96,1.568,0.702,0.6,0.2
22.98,1.561,0.693,0.6,0.2
23.0,1.555,0.682,0.6,0.2
23.02,1.548,0.67,0.6,0.2
23.04,1.542,0.66,0.6,0.2
23.06,1.535,0.648,0.6,0.2
23.08,1.528,0.637,0.6,0.2
23.1,1.522,0.625,0.6,0.2
23.12,1.516,0.613,0.6,0.2
23.14,1.509,0.602,0.6,0.2
23.16,1.504,0.59,0.6,0.2
23.18,1.498,0.578,0.6,0.2
23.2,1.492,0.567,0.6,0.2
23.22,1.487,0.555,0.6,0.2
23.24,1.483,0.543,0.6,0.2
23.26,1.478,0.532,0.6,0.2
23.28,1.474,0.522,0.6,0.2
23.3,1.47,0.511,0.6,0.2
23.32,1.466,0.503,0.6,0.2
23.34,1.463,0.492,0.6,0.2
23.36,1.46,0.483,0.6,0.2
23.38,1.458,0.476,0.6,0.2
23.4,1.456,0.468,0.6,0.2
23.42,1.454,0.461,0.6,0.2
23.44,1.453,0.456,0.6,0.2
23.46,1.453,0.45,0.6,0.2
23.48,1.452,0.445,0.6,0.2
23.5,1.453,0.442,0.6,0.2
23.52,1.453,0.438,0.6,0.2
23.54,1.454,0.436,0.6,0.2
23.56,1.456,0.435,0.6,0.2
23.58,1.458,0.433,0.6,0.2
23.6,1.46,0.435,0.6,0.2
23.62,1.463,0.435,0.6,0.2
23.64,1.466,0.436,0.6,0.2
23.66,1.47,0.438,0.6,0.2
23.68,1.474,0.442,0.6,0.2
23.7,1.478,0.447,0.6,0.2
23.72,1.482,0.45,0.6,0.2
23.74,1.487,0.457,0.6,0.2
23.76,1.492,0.463,0.6,0.2
23.78,1.497,0.469,0.6,0.2
23.8,1.503,0.476,0.6,0.2
23.82,1.509,0.483,0.6,0.2
23.84,1.514,0.492,0.6,0.2
23.86,1.52,0.501,0.6,0.2
23.88,1.526,0.51,0.6,0.2
23.9,1.532,0.52,0.6,0.2
23.92,1.539,0.529,0.6,0.2
23.94,1.545,0.539,0.6,0.2
23.96,1.551,0.55,0.6,0.2
23.98,1.557,0.56,0.6,0.2
24.0,1.563,0.571,0.6,0.2
24.02,1.569,0.581,0.6,0.2
24.04,1.575,0.592,0.6,0.2
24.06,1.581,0.602,0.6,0.2
24.08,1.586,0.613,0.6,0.2
24.1,1.592,0.623,0.6,0.2
24.12,1.597,0.634,0.6,0.2
24.14,1.601,0.644,0.6,0.2
24.16,1.606,0.654,0.6,0.2
24.18,1.61,0.663,0.6,0.2
24.2,1.614,0.672,0.6,0.2
24.22,1.618,0.681,0.6,0.2
24.24,1.621,0.689,0.6,0.2
24.26,1.624,0.698,0.6,0.2
24.28,1.627,0.705,0.6,0.2
24.3,1.629,0.712,0.6,0.2
24.32,1.631,0.719,0.6,0.2
24.34,1.632,0.726,0.6,0.2
24.36,1.633,0.731,0.6,0.2
24.38,1.633,0.737,0.6,0.2
24.4,1.634,0.74,0.6,0.2
24.42,1.633,0.744,0.6,0.2
24.44,1.632,0.747,0.6,0.2
24.46,1.632,0.749,0.6,0.2
24.48,1.63,0.75,0.6,0.2
24.5,1.628,0.752,0.6,0.2
24.52,1.626,0.752,0.6,0.2
24.54,1.623,0.75,0.6,0.2
24.56,1.62,0.75,0.6,0.2
24.58,1.617,0.749,0.6,0.2
24.6,1.613,0.747,0.6,0.2
24.62,1.609,0.744,0.6,0.2
24.64,1.605,0.74,0.6,0.2
24.66,1.6,0.737,0.6,0.2
24.68,1.596,0.731,0.6,0.2
24.7,1.591,0.726,0.6,0.2
24.72,1.586,0.719,0.6,0.2
24.74,1.58,0.714,0.6,0.2
24.76,1.575,0.707,0.6,0.2
24.78,1.569,0.7,0.6,0.2
24.8,1.563,0.691,0.6,0.2
24.82,1.557,0.684,0.6,0.2
24.84,1.551,0.675,0.6,0.2
24.86,1.545,0.667,0.6,0.2
24.88,1.539,0.658,0.6,0.2
24.9,1.534,0.648,0.6,0.2
24.92,1.528,0.639,0.6,0.2
24.94,1.522,0.628,0.6,0.2
24.96,1.516,0.62,0.6,0.2
24.98,1.511,0.609,0.6,0.2
25.0,1.505,0.599,0.6,0.2
25.02,1.5,0.59,0.6,0.2
25.04,1.495,0.579,0.6,0.2
25.06,1.49,0.569,0.6,0.2
25.08,1.485,0.56,0.6,0.2
25.1,1.481,0.552,0.6,0.2
25.12,1.477,0.541,0.6,0.2
25.14,1.474,0.532,0.6,0.2
25.16,1.47,0.524,0.6,0.2
25.18,1.467,0.517,0.6,0.2
25.2,1.464,0.508,0.6,0.2
25.22,1.462,0.501,0.6,0.2
25.24,1.46,0.494,0.6,0.2
25.26,1.458,0.487,0.6,0.2
25.28,1.457,0.482,0.6,0.2
25.3,1.456,0.476,0.6,0.2
25.32,1.455,0.471,0.6,0.2
25.34,1.455,0.468,0.6,0.2
25.36,1.456,0.463,0.6,0.2
25.38,1.456,0.461,0.6,0.2
25.4,1.457,0.457,0.6,0.2
25.42,1.459,0.456,0.6,0.2
25.44,1.46,0.456,0.6,0.2
25.46,1.463,0.454,0.6,0.2
25.48,1.465,0.456,0.6,0.2
25.5,1.468,0.456,0.6,0.2
25.52,1.471,0.457,0.6,0.2
25.54,1.475,0.459,0.6,0.2
25.56,1.478,0.463,0.6,0.2
25.58,1.482,0.466,0.6,0.2
25.6,1.486,0.471,0.6,0.2
25.62,1.491,0.475,0.6,0.2
25.64,1.496,0.48,0.6,0.2
25.66,1.5,0.487,0.6,0.2
25.68,1.505,0.494,0.6,0.2
25.7,1.51,0.501,0.6,0.2
25.72,1.516,0.508,0.6,0.2
25.74,1.521,0.515,0.6,0.2
25.76,1.527,0.524,0.6,0.2
25.78,1.532,0.532,0.6,0.2
25.8,1.538,0.541,0.6,0.2
25.82,1.543,0.55,0.6,0.2
25.84,1.549,0.559,0.6,0.2
25.86,1.554,0.569,0.6,0.2
25.88,1.56,0.578,0.6,0.2
25.9,1.565,0.588,0.6,0.2
25.92,1.57,0.597,0.6,0.2
25.94,1.575,0.607,0.6,0.2
25.96,1.58,0.616,0.6,0.2
25.98,1.585,0.625,0.6,0.2
26.0,1.589,0.635,0.6,0.2
26.02,1.593,0.644,0.6,0.2
26.04,1.597,0.653,0.6,0.2
26.06,1.601,0.66,0.6,0.2
26.08,1.604,0.668,0.6,0.2
26.1,1.608,0.675,0.6,0.2
26.12,1.61,0.684,0.6,0.2
26.14,1.613,0.691,0.6,0.2
26.16,1.615,0.696,0.6,0.2
26.18,1.617,0.703,0.6,0.2
26.2,1.618,0.709,0.6,0.2
26.22,1.619,0.714,0.6,0.2
26.24,1.62,0.719,0.6,0.2
26.26,1.62,0.723,0.6,0.2
26.28,1.62,0.726,0.6,0.2
26.3,1.619,0.73,0.6,0.2
26.32,1.619,0.731,0.6,0.2
26.34,1.618,0.733,0.6,0.2
26.36,1.616,0.735,0.6,0.2
26.38,1.614,0.737,0.6,0.2
26.4,1.612,0.737,0.6,0.2
26.42,1.61,0.735,0.6,0.2
26.44,1.607,0.735,0.6,0.2
26.46,1.604,0.733,0.6,0.2
26.48,1.6,0.731,0.6,0.2
26.5,1.596,0.728,0.6,0.2
26.52,1.593,0.724,0.6,0.2
26.54,1.588,0.721,0.6,0.2
26.56,1.584,0.717,0.6,0.2
26.58,1.579,0.712,0.6,0.2
26.6,1.574,0.707,0.6,0.2
26.62,1.569,0.702,0.6,0.2
26.64,1.565,0.695,0.6,0.2
26.66,1.559,0.689,0.6,0.2
26.68,1.554,0.682,0.6,0.2
26.7,1.548,0.675,0.6,0.2
26.72,1.543,0.667,0.6,0.2
26.74,1.538,0.66,0.6,0.2
26.76,1.532,0.651,0.6,0.2
26.78,1.527,0.642,0.6,0.2
26.8,1.522,0.634,0.6,0.2
26.82,1.516,0.625,0.6,0.2
26.84,1.511,0.616,0.6,0.2
26.86,1.506,0.607,0.6,0.2
26.88,1.501,0.599,0.6,0.2
26.9,1.497,0.59,0.6,0.2
26.92,1.492,0.581,0.6,0.2
26.94,1.488,0.572,0.6,0.2
26.96,1.484,0.564,0.6,0.2
26.98,1.48,0.555,0.6,0.2
27.0,1.476,0.546,0.6,0.2
27.02,1.473,0.538,0.6,0.2
27.04,1.47,0.531,0.6,0.2
27.06,1.467,0.524,0.6,0.2
27.08,1.464,0.517,0.6,0.2
27.1,1.462,0.51,0.6,0.2
27.12,1.461,0.503,0.6,0.2
27.14,1.459,0.497,0.6,0.2
27.16,1.458,0.492,0.6,0.2
27.18,1.457,0.487,0.6,0.2
27.2,1.457,0.482,0.6,0.2
27.22,1.457,0.478,0.6,0.2
27.24,1.457,0.475,0.6,0.2
27.26,1.458,0.473,0.6,0.2
27.28,1.459,0.471,0.6,0.2
27.3,1.46,0.469,0.6,0.2
27.32,1.462,0.468,0.6,0.2
27.34,1.464,0.468,0.6,0.2
27.36,1.466,0.468,0.6,0.2
27.38,1.468,0.469,0.6,0.2
27.4,1.471,0.471,0.6,0.2
27.42,1.474,0.473,0.6,0.2
27.44,1.478,0.475,0.6,0.2
27.46,1.482,0.478,0.6,0.2
27.48,1.486,0.482,0.6,0.2
27.5,1.49,0.487,0.6,0.2
27.52,1.494,0.492,0.6,0.2
27.54,1.499,0.496,0.6,0.2
27.56,1.503,0.503,0.6,0.2
27.58,1.508,0.508,0.6,0.2
27.6,1.513,0.515,0.6,0.2
27.62,1.518,0.522,0.6,0.2
27.64,1.523,0.529,0.6,0.2
27.66,1.528,0.536,0.6,0.2
27.68,1.533,0.543,0.6,0.2
27.7,1.538,0.552,0.6,0.2
27.72,1.544,0.559,0.6,0.2
27.74,1.549,0.567,0.6,0.2
27.76,1.554,0.576,0.6,0.2
27.78,1.559,0.583,0.6,0.2
27.8,1.564,0.592,0.6,0.2
27.82,1.568,0.6,0.6,0.2
27.84,1.573,0.609,0.6,0.2
27.86,1.577,0.616,0.6,0.2
27.88,1.581,0.625,0.6,0.2
27.9,1.585,0.634,0.6,0.2
27.92,1.589,0.641,0.6,0.2
27.94,1.593,0.648,0.6,0.2
27.96,1.596,0.656,0.6,0.2
27.98,1.599,0.663,0.6,0.2
28.0,1.602,0.67,0.6,0.2
28.02,1.605,0.675,0.6,0.2
28.04,1.606,0.682,0.6,0.2
28.06,1.608,0.688,0.6,0.2
28.08,1.61,0.693,0.6,0.2
28.1,1.611,0.698,0.6,0.2
28.12,1.612,0.703,0.6,0.2
28.14,1.613,0.707,0.6,0.2
28.16,1.613,0.71,0.6,0.2
28.18,1.613,0.714,0.6,0.2
28.2,1.612,0.717,0.6,0.2
28.22,1.611,0.719,0.6,0.2
28.24,1.61,0.721,0.6,0.2
28.26,1.609,0.721,0.6,0.2
28.28,1.607,0.723,0.6,0.2
28.3,1.605,0.723,0.6,0.2
28.32,1.603,0.723,0.6,0.2
28.34,1.6,0.721,0.6,0.2
28.36,1.597,0.719,0.6,0.2
28.38,1.594,0.717,0.6,0.2
28.4,1.591,0.716,0.6,0.2
28.42,1.587,0.712,0.6,0.2
28.44,1.584,0.709,0.6,0.2
28.46,1.579,0.705,0.6,0.2
28.48,1.575,0.7,0.6,0.2
28.5,1.571,0.696,0.6,0.2
28.52,1.566,0.691,0.6,0.2
28.54,1.562,0.686,0.6,0.2
28.56,1.557,0.679,0.6,0.2
28.58,1.552,0.674,0.6,0.2
28.6,1.547,0.667,0.6,0.2
28.62,1.543,0.66,0.6,0.2
28.64,1.538,0.653,0.6,0.2
28.66,1.533,0.646,0.6,0.2
28.68,1.528,0.639,0.6,0.2
28.7,1.523,0.63,0.6,0.2
28.72,1.518,0.623,0.6,0.2
28.74,1.514,0.614,0.6,0.2
28.76,1.509,0.607,0.6,0.2
28.78,1.505,0.599,0.6,0.2
28.8,1.5,0.592,0.6,0.2
28.82,1.496,0.583,0.6,0.2
28.84,1.492,0.576,0.6,0.2
28.86,1.488,0.569,0.6,0.2
28.88,1.485,0.56,0.6,0.2
28.9,1.482,0.553,0.6,0.2
28.92,1.479,0.546,0.6,0.2
28.94,1.476,0.541,0.6,0.2
28.96,1.473,0.534,0.6,0.2
28.98,1.471,0.529,0.6,0.2
29.0,1.469,0.522,0.6,0.2
29.02,1.467,0.517,0.6,0.2
29.04,1.465,0.513,0.6,0.2
29.06,1.464,0.508,0.6,0.2
29.08,1.463,0.504,0.6,0.2
29.1,1.463,0.501,0.6,0.2
29.12,1.463,0.497,0.6,0.2
29.14,1.463,0.496,0.6,0.2
29.16,1.463,0.492,0.6,0.2
29.18,1.464,0.49,0.6,0.2
29.2,1.465,0.49,0.6,0.2
29.22,1.466,0.489,0.6,0.2
29.24,1.468,0.489,0.6,0.2
29.26,1.469,0.49,0.6,0.2
29.28,1.471,0.49,0.6,0.2
29.3,1.473,0.492,0.6,0.2
29.32,1.476,0.494,0.6,0.2
29.34,1.479,0.497,0.6,0.2
29.36,1.482,0.499,0.6,0.2
29.38,1.485,0.503,0.6,0.2
29.4,1.488,0.506,0.6,0.2
29.42,1.492,0.511,0.6,0.2
29.44,1.495,0.515,0.6,0.2
29.46,1.499,0.52,0.6,0.2
29.48,1.503,0.525,0.6,0.2
29.5,1.507,0.531,0.6,0.2
29.52,1.511,0.536,0.6,0.2
29.54,1.515,0.543,0.6,0.2
29.56,1.52,0.548,0.6,0.2
29.58,1.524,0.555,0.6,0.2
29.6,1.528,0.562,0.6,0.2
29.62,1.532,0.569,0.6,0.2
29.64,1.536,0.574,0.6,0.2
29.66,1.541,0.581,0.6,0.2
29.68,1.545,0.588,0.6,0.2
29.7,1.548,0.595,0.6,0.2
29.72,1.552,0.602,0.6,0.2
29.74,1.556,0.609,0.6,0.2
29.76,1.56,0.614,0.6,0.2
29.78,1.563,0.621,0.6,0.2
29.8,1.566,0.628,0.6,0.2
29.82,1.57,0.634,0.6,0.2
29.84,1.572,0.641,0.6,0.2
29.86,1.575,0.646,0.6,0.2
29.88,1.578,0.651,0.6,0.2
29.9,1.58,0.656,0.6,0.2
29.92,1.582,0.661,0.6,0.2
29.94,1.584,0.665,0.6,0.2
29.96,1.585,0.67,0.6,0.2
29.98,1.587,0.674,0.6,0.2
30.0,1.588,0.677,0.6,0.2
30.02,1.589,0.681,0.6,0.2
30.04,1.589,0.682,0.6,0.2
30.06,1.589,0.686,0.6,0.2
30.08,1.589,0.688,0.6,0.2
30.1,1.589,0.689,0.6,0.2
30.12,1.589,0.689,0.6,0.2
30.14,1.588,0.691,0.6,0.2
30.16,1.587,0.691,0.6,0.2
30.18,1.586,0.691,0.6,0.2
30.2,1.585,0.689,0.6,0.2
30.22,1.583,0.689,0.6,0.2
30.24,1.581,0.688,0.6,0.2
30.26,1.579,0.686,0.6,0.2
30.28,1.577,0.684,0.6,0.2
30.3,1.575,0.681,0.6,0.2
30.32,1.572,0.679,0.6,0.2
30.34,1.569,0.675,0.6,0.2
30.36,1.567,0.672,0.6,0.2
30.38,1.564,0.668,0.6,0.2
30.4,1.561,0.663,0.6,0.2
30.42,1.557,0.66,0.6,0.2
30.44,1.554,0.654,0.6,0.2
30.46,1.551,0.651,0.6,0.2
30.48,1.547,0.646,0.6,0.2
30.5,1.544,0.641,0.6,0.2
30.52,1.541,0.635,0.6,0.2
30.54,1.537,0.63,0.6,0.2
30.56,1.534,0.625,0.6,0.2
30.58,1.53,0.62,0.6,0.2
30.6,1.527,0.613,0.6,0.2
30.62,1.524,0.607,0.6,0.2
30.64,1.521,0.602,0.6,0.2
30.66,1.518,0.597,0.6,0.2
30.68,1.515,0.59,0.6,0.2
30.7,1.512,0.585,0.6,0.2
30.72,1.509,0.579,0.6,0.2
30.74,1.507,0.574,0.6,0.2
30.76,1.504,0.569,0.6,0.2
30.78,1.502,0.564,0.6,0.2
30.8,1.5,0.559,0.6,0.2
30.82,1.498,0.555,0.6,0.2
30.84,1.497,0.55,0.6,0.2
30.86,1.495,0.546,0.6,0.2
30.88,1.493,0.543,0.6,0.2
30.9,1.492,0.539,0.6,0.2
30.92,1.492,0.536,0.6,0.2
30.94,1.491,0.532,0.6,0.2
30.96,1.491,0.529,0.6,0.2
30.98,1.49,0.527,0.6,0.2
31.0,1.49,0.525,0.6,0.2
31.02,1.49,0.524,0.6,0.2
31.04,1.49,0.524,0.6,0.2
31.06,1.491,0.522,0.6,0.2
31.08,1.492,0.522,0.6,0.2
31.1,1.493,0.522,0.6,0.2
31.12,1.494,0.522,0.6,0.2
31.14,1.495,0.524,0.6,0.2
31.16,1.497,0.524,0.6,0.2
31.18,1.499,0.525,0.6,0.2
31.2,1.501,0.527,0.6,0.2
31.22,1.502,0.531,0.6,0.2
31.24,1.505,0.532,0.6,0.2
31.26,1.507,0.536,0.6,0.2
31.28,1.509,0.539,0.6,0.2
31.3,1.512,0.543,0.6,0.2
31.32,1.514,0.546,0.6,0.2
31.34,1.517,0.55,0.6,0.2
31.36,1.52,0.553,0.6,0.2
31.38,1.522,0.559,0.6,0.2
31.4,1.525,0.562,0.6,0.2
31.42,1.528,0.567,0.6,0.2
31.44,1.531,0.572,0.6,0.2
31.46,1.534,0.576,0.6,0.2
31.48,1.537,0.581,0.6,0.2
31.5,1.539,0.586,0.6,0.2
31.52,1.542,0.592,0.6,0.2
31.54,1.545,0.595,0.6,0.2
31.56,1.547,0.6,0.6,0.2
31.58,1.55,0.606,0.6,0.2
31.6,1.553,0.609,0.6,0.2
31.62,1.555,0.614,0.6,0.2
31.64,1.557,0.62,0.6,0.2
31.66,1.559,0.623,0.6,0.2
31.68,1.562,0.627,0.6,0.2
31.7,1.563,0.632,0.6,0.2
31.72,1.565,0.635,0.6,0.2
31.74,1.567,0.639,0.6,0.2
31.76,1.568,0.642,0.6,0.2
31.78,1.569,0.646,0.6,0.2
31.8,1.57,0.649,0.6,0.2
31.82,1.571,0.651,0.6,0.2
31.84,1.572,0.653,0.6,0.2
31.86,1.573,0.656,0.6,0.2
31.88,1.573,0.658,0.6,0.2
31.9,1.573,0.66,0.6,0.2
31.92,1.574,0.66,0.6,0.2
31.94,1.573,0.661,0.6,0.2
31.96,1.573,0.661,0.6,0.2
31.98,1.573,0.661,0.6,0.2
32.0,1.572,0.661,0.6,0.2
32.02,1.571,0.661,0.6,0.2
32.04,1.57,0.661,0.6,0.2
32.06,1.569,0.66,0.6,0.2
32.08,1.568,0.66,0.6,0.2
32.1,1.567,0.658,0.6,0.2
32.12,1.565,0.656,0.6,0.2
32.14,1.564,0.654,0.6,0.2
32.16,1.562,0.653,0.6,0.2
32.18,1.56,0.649,0.6,0.2
32.2,1.558,0.648,0.6,0.2
32.22,1.556,0.644,0.6,0.2
32.24,1.555,0.641,0.6,0.2
32.26,1.553,0.637,0.6,0.2
32.28,1.55,0.634,0.6,0.2
32.3,1.548,0.63,0.6,0.2
32.32,1.546,0.627,0.6,0.2
32.34,1.544,0.623,0.6,0.2
32.36,1.542,0.62,0.6,0.2
32.38,1.539,0.616,0.6,0.2
32.4,1.537,0.613,0.6,0.2
32.42,1.535,0.609,0.6,0.2
32.44,1.533,0.604,0.6,0.2
32.46,1.531,0.6,0.6,0.2
32.48,1.529,0.597,0.6,0.2
32.5,1.527,0.593,0.6,0.2
32.52,1.525,0.588,0.6,0.2
32.54,1.523,0.585,0.6,0.2
32.56,1.522,0.581,0.6,0.2
32.58,1.52,0.578,0.6,0.2
32.6,1.519,0.574,0.6,0.2
32.62,1.517,0.571,0.6,0.2
32.64,1.516,0.567,0.6,0.2
32.66,1.515,0.565,0.6,0.2
32.68,1.514,0.562,0.6,0.2
32.7,1.513,0.56,0.6,0.2
32.72,1.512,0.559,0.6,0.2
32.74,1.512,0.555,0.6,0.2
32.76,1.512,0.553,0.6,0.2
32.78,1.512,0.552,0.6,0.2
32.8,1.511,0.552,0.6,0.2
32.82,1.511,0.55,0.6,0.2
32.84,1.511,0.55,0.6,0.2
32.86,1.512,0.548,0.6,0.2
32.88,1.512,0.548,0.6,0.2
32.9,1.513,0.548,0.6,0.2
32.92,1.513,0.548,0.6,0.2
32.94,1.514,0.55,0.6,0.2
32.96,1.515,0.55,0.6,0.2
32.98,1.516,0.552,0.6,0.2
33.0,1.517,0.552,0.6,0.2
33.02,1.519,0.553,0.6,0.2
33.04,1.52,0.555,0.6,0.2
33.06,1.521,0.557,0.6,0.2
33.08,1.523,0.56,0.6,0.2
33.1,1.524,0.562,0.6,0.2
33.12,1.526,0.564,0.6,0.2
33.14,1.527,0.567,0.6,0.2
33.16,1.529,0.571,0.6,0.2
33.18,1.531,0.574,0.6,0.2
33.2,1.533,0.576,0.6,0.2
33.22,1.535,0.579,0.6,0.2
33.24,1.536,0.583,0.6,0.2
33.26,1.538,0.586,0.6,0.2
33.28,1.54,0.59,0.6,0.2
33.3,1.542,0.593,0.6,0.2
33.32,1.543,0.599,0.6,0.2
33.34,1.545,0.602,0.6,0.2
33.36,1.546,0.606,0.6,0.2
33.38,1.548,0.609,0.6,0.2
33.4,1.549,0.613,0.6,0.2
33.42,1.551,0.616,0.6,0.2
33.44,1.552,0.618,0.6,0.2
33.46,1.553,0.621,0.6,0.2
33.48,1.554,0.625,0.6,0.2
33.5,1.555,0.628,0.6,0.2
33.52,1.556,0.63,0.6,0.2
33.54,1.557,0.634,0.6,0.2
33.56,1.558,0.635,0.6,0.2
33.58,1.558,0.639,0.6,0.2
33.6,1.559,0.641,0.6,0.2
33.62,1.559,0.642,0.6,0.2
33.64,1.559,0.644,0.6,0.2
33.66,1.559,0.646,0.6,0.2
33.68,1.559,0.646,0.6,0.2
33.7,1.559,0.648,0.6,0.2
33.72,1.558,0.649,0.6,0.2
33.74,1.558,0.649,0.6,0.2
33.76,1.558,0.649,0.6,0.2
33.78,1.557,0.649,0.6,0.2
33.8,1.556,0.649,0.6,0.2
33.82,1.555,0.649,0.6,0.2
33.84,1.554,0.649,0.6,0.2
33.86,1.553,0.648,0.6,0.2
33.88,1.551,0.648,0.6,0.2
33.9,1.55,0.646,0.6,0.2
33.92,1.549,0.644,0.6,0.2
33.94,1.547,0.642,0.6,0.2
33.96,1.546,0.641,0.6,0.2
33.98,1.544,0.639,0.6,0.2
34.0,1.542,0.637,0.6,0.2
34.02,1.541,0.634,0.6,0.2
34.04,1.539,0.632,0.6,0.2
34.06,1.537,0.63,0.6,0.2
34.08,1.535,0.627,0.6,0.2
34.1,1.533,0.623,0.6,0.2
34.12,1.531,0.621,0.6,0.2
34.14,1.529,0.618,0.6,0.2
34.16,1.527,0.614,0.6,0.2
34.18,1.525,0.611,0.6,0.2
34.2,1.524,0.607,0.6,0.2
34.22,1.522,0.604,0.6,0.2
34.24,1.52,0.6,0.6,0.2
34.26,1.519,0.597,0.6,0.2
34.28,1.517,0.593,0.6,0.2
34.3,1.515,0.59,0.6,0.2
34.32,1.514,0.586,0.6,0.2
34.34,1.512,0.585,0.6,0.2
34.36,1.511,0.581,0.6,0.2
34.38,1.51,0.578,0.6,0.2
34.4,1.509,0.574,0.6,0.2
34.42,1.508,0.572,0.6,0.2
34.44,1.507,0.569,0.6,0.2
34.46,1.506,0.567,0.6,0.2
34.48,1.506,0.564,0.6,0.2
34.5,1.505,0.562,0.6,0.2
34.52,1.505,0.56,0.6,0.2
34.54,1.504,0.559,0.6,0.2
34.56,1.504,0.557,0.6,0.2
34.58,1.504,0.555,0.6,0.2
34.6,1.504,0.553,0.6,0.2
34.62,1.504,0.553,0.6,0.2
34.64,1.505,0.552,0.6,0.2
34.66,1.505,0.552,0.6,0.2
34.68,1.506,0.552,0.6,0.2
34.7,1.507,0.552,0.6,0.2
34.72,1.507,0.552,0.6,0.2
34.74,1.508,0.552,0.6,0.2
34.76,1.51,0.552,0.6,0.2
34.78,1.511,0.553,0.6,0.2
34.8,1.512,0.553,0.6,0.2
34.82,1.513,0.555,0.6,0.2
34.84,1.515,0.555,0.6,0.2
34.86,1.516,0.557,0.6,0.2
34.88,1.518,0.559,0.6,0.2
34.9,1.52,0.56,0.6,0.2
34.92,1.522,0.562,0.6,0.2
34.94,1.523,0.565,0.6,0.2
34.96,1.525,0.567,0.6,0.2
34.98,1.527,0.569,0.6,0.2
35.0,1.529,0.572,0.6,0.2
35.02,1.531,0.574,0.6,0.2
35.04,1.533,0.578,0.6,0.2
35.06,1.535,0.581,0.6,0.2
35.08,1.536,0.585,0.6,0.2
35.1,1.538,0.588,0.6,0.2
35.12,1.54,0.59,0.6,0.2
35.14,1.542,0.593,0.6,0.2
35.16,1.544,0.597,0.6,0.2
35.18,1.546,0.6,0.6,0.2
35.2,1.547,0.604,0.6,0.2
35.22,1.549,0.607,0.6,0.2
35.24,1.55,0.611,0.6,0.2
35.26,1.552,0.614,0.6,0.2
35.28,1.553,0.618,0.6,0.2
35.3,1.555,0.62,0.6,0.2
35.32,1.556,0.623,0.6,0.2
35.34,1.557,0.627,0.6,0.2
35.36,1.558,0.63,0.6,0.2
35.38,1.559,0.632,0.6,0.2
35.4,1.559,0.635,0.6,0.2
35.42,1.56,0.637,0.6,0.2
35.44,1.561,0.639,0.6,0.2
35.46,1.561,0.642,0.6,0.2
35.48,1.561,0.644,0.6,0.2
35.5,1.561,0.646,0.6,0.2
35.52,1.561,0.648,0.6,0.2
35.54,1.561,0.648,0.6,0.2
35.56,1.56,0.649,0.6,0.2
35.58,1.56,0.649,0.6,0.2
35.6,1.559,0.651,0.6,0.2
35.62,1.559,0.651,0.6,0.2
35.64,1.558,0.651,0.6,0.2
35.66,1.557,0.651,0.6,0.2
35.68,1.556,0.651,0.6,0.2
35.7,1.555,0.649,0.6,0.2
35.72,1.554,0.649,0.6,0.2
35.74,1.552,0.648,0.6,0.2
35.76,1.551,0.648,0.6,0.2
35.78,1.549,0.646,0.6,0.2
35.8,1.547,0.644,0.6,0.2
35.82,1.546,0.642,0.6,0.2
35.84,1.544,0.641,0.6,0.2
35.86,1.542,0.637,0.6,0.2
35.88,1.54,0.635,0.6,0.2
35.9,1.539,0.632,0.6,0.2
35.92,1.536,0.63,0.6,0.2
35.94,1.535,0.627,0.6,0.2
35.96,1.532,0.625,0.6,0.2
35.98,1.53,0.621,0.6,0.2
36.0,1.529,0.618,0.6,0.2
36.02,1.527,0.614,0.6,0.2
36.04,1.525,0.611,0.6,0.2
36.06,1.523,0.607,0.6,0.2
36.08,1.521,0.604,0.6,0.2
36.1,1.519,0.6,0.6,0.2
36.12,1.517,0.597,0.6,0.2
36.14,1.516,0.593,0.6,0.2
36.16,1.514,0.59,0.6,0.2
36.18,1.513,0.585,0.6,0.2
36.2,1.511,0.581,0.6,0.2
36.22,1.51,0.579,0.6,0.2
36.24,1.509,0.576,0.6,0.2
36.26,1.508,0.572,0.6,0.2
36.28,1.507,0.569,0.6,0.2
36.3,1.506,0.567,0.6,0.2
36.32,1.505,0.564,0.6,0.2
36.34,1.504,0.562,0.6,0.2
36.36,1.504,0.559,0.6,0.2
36.38,1.503,0.557,0.6,0.2
36.4,1.503,0.555,0.6,0.2
36.42,1.503,0.553,0.6,0.2
36.44,1.503,0.552,0.6,0.2
36.46,1.503,0.55,0.6,0.2
36.48,1.504,0.548,0.6,0.2
36.5,1.504,0.548,0.6,0.2
36.52,1.505,0.546,0.6,0.2
36.54,1.505,0.546,0.6,0.2
36.56,1.506,0.546,0.6,0.2
36.58,1.507,0.546,0.6,0.2
36.6,1.508,0.546,0.6,0.2
36.62,1.51,0.546,0.6,0.2
36.64,1.511,0.548,0.6,0.2
36.66,1.513,0.548,0.6,0.2
36.68,1.514,0.548,0.6,0.2
36.7,1.516,0.55,0.6,0.2
36.72,1.518,0.552,0.6,0.2
36.74,1.519,0.553,0.6,0.2
36.76,1.521,0.555,0.6,0.2
36.78,1.523,0.557,0.6,0.2
36.8,1.526,0.559,0.6,0.2
36.82,1.527,0.562,0.6,0.2
36.84,1.53,0.564,0.6,0.2
36.86,1.532,0.567,0.6,0.2
36.88,1.534,0.569,0.6,0.2
36.9,1.536,0.572,0.6,0.2
36.92,1.539,0.576,0.6,0.2
36.94,1.541,0.578,0.6,0.2
36.96,1.543,0.581,0.6,0.2
36.98,1.545,0.585,0.6,0.2
37.0,1.548,0.588,0.6,0.2
37.02,1.55,0.592,0.6,0.2
37.04,1.552,0.595,0.6,0.2
37.06,1.554,0.597,0.6,0.2
37.08,1.556,0.6,0.6,0.2
37.1,1.558,0.604,0.6,0.2
37.12,1.56,0.607,0.6,0.2
37.14,1.562,0.611,0.6,0.2
37.16,1.563,0.614,0.6,0.2
37.18,1.565,0.616,0.6,0.2
37.2,1.567,0.62,0.6,0.2
37.22,1.568,0.623,0.6,0.2
37.24,1.57,0.625,0.6,0.2
37.26,1.57,0.628,0.6,0.2
37.28,1.572,0.63,0.6,0.2
37.3,1.573,0.632,0.6,0.2
37.32,1.573,0.635,0.6,0.2
37.34,1.574,0.637,0.6,0.2
37.36,1.575,0.639,0.6,0.2
37.38,1.575,0.639,0.6,0.2
37.4,1.576,0.641,0.6,0.2
37.42,1.576,0.642,0.6,0.2
37.44,1.576,0.642,0.6,0.2
37.46,1.576,0.642,0.6,0.2
37.48,1.576,0.642,0.6,0.2
37.5,1.576,0.644,0.6,0.2
37.52,1.576,0.642,0.6,0.2
37.54,1.575,0.642,0.6,0.2
37.56,1.574,0.642,0.6,0.2
37.58,1.573,0.642,0.6,0.2
37.6,1.573,0.641,0.6,0.2
37.62,1.572,0.639,0.6,0.2
37.64,1.571,0.639,0.6,0.2
37.66,1.57,0.637,0.6,0.2
37.68,1.569,0.635,0.6,0.2
37.7,1.568,0.634,0.6,0.2
37.72,1.566,0.632,0.6,0.2
37.74,1.565,0.628,0.6,0.2
37.76,1.564,0.627,0.6,0.2
37.78,1.562,0.625,0.6,0.2
37.8,1.561,0.621,0.6,0.2
37.82,1.56,0.62,0.6,0.2
37.84,1.558,0.616,0.6,0.2
37.86,1.557,0.614,0.6,0.2
37.88,1.555,0.611,0.6,0.2
37.9,1.554,0.609,0.6,0.2
37.92,1.552,0.606,0.6,0.2
37.94,1.551,0.604,0.6,0.2
37.96,1.55,0.6,0.6,0.2
37.98,1.548,0.599,0.6,0.2
38.0,1.547,0.595,0.6,0.2
38.02,1.545,0.593,0.6,0.2
38.04,1.544,0.592,0.6,0.2
38.06,1.543,0.588,0.6,0.2
38.08,1.542,0.586,0.6,0.2
38.1,1.541,0.585,0.6,0.2
38.12,1.54,0.583,0.6,0.2
38.14,1.539,0.581,0.6,0.2
38.16,1.538,0.579,0.6,0.2
38.18,1.537,0.578,0.6,0.2
38.2,1.537,0.576,0.6,0.2
38.22,1.536,0.574,0.6,0.2
38.24,1.536,0.574,0.6,0.2
38.26,1.535,0.572,0.6,0.2
38.28,1.535,0.571,0.6,0.2
38.3,1.535,0.571,0.6,0.2
38.32,1.535,0.571,0.6,0.2
38.34,1.535,0.569,0.6,0.2
38.36,1.535,0.569,0.6,0.2
38.38,1.535,0.569,0.6,0.2
38.4,1.535,0.569,0.6,0.2
38.42,1.536,0.569,0.6,0.2
38.44,1.536,0.571,0.6,0.2
38.46,1.536,0.571,0.6,0.2
38.48,1.537,0.571,0.6,0.2
38.5,1.537,0.572,0.6,0.2
38.52,1.538,0.572,0.6,0.2
38.54,1.539,0.574,0.6,0.2
38.56,1.539,0.576,0.6,0.2
38.58,1.54,0.576,0.6,0.2
38.6,1.541,0.578,0.6,0.2
38.62,1.542,0.579,0.6,0.2
38.64,1.543,0.581,0.6,0.2
38.66,1.544,0.583,0.6,0.2
38.68,1.545,0.585,0.6,0.2
38.7,1.546,0.586,0.6,0.2
38.72,1.546,0.59,0.6,0.2
38.74,1.547,0.592,0.6,0.2
38.76,1.549,0.593,0.6,0.2
38.78,1.55,0.595,0.6,0.2
38.8,1.55,0.599,0.6,0.2
38.82,1.551,0.6,0.6,0.2
38.84,1.552,0.602,0.6,0.2
38.86,1.553,0.606,0.6,0.2
38.88,1.554,0.607,0.6,0.2
38.9,1.555,0.609,0.6,0.2
38.92,1.555,0.613,0.6,0.2
38.94,1.556,0.614,0.6,0.2
38.96,1.556,0.616,0.6,0.2
38.98,1.557,0.62,0.6,0.2
39.0,1.557,0.621,0.6,0.2
39.02,1.557,0.623,0.6,0.2
39.04,1.558,0.625,0.6,0.2
39.06,1.558,0.627,0.6,0.2
39.08,1.558,0.628,0.6,0.2
39.1,1.558,0.63,0.6,0.2
39.12,1.558,0.632,0.6,0.2
39.14,1.558,0.634,0.6,0.2
39.16,1.558,0.634,0.6,0.2
39.18,1.557,0.635,0.6,0.2
39.2,1.557,0.635,0.6,0.2
39.22,1.556,0.637,0.6,0.2
39.24,1.556,0.637,0.6,0.2
39.26,1.555,0.637,0.6,0.2
39.28,1.554,0.637,0.6,0.2
39.3,1.553,0.639,0.6,0.2
39.32,1.553,0.637,0.6,0.2
39.34,1.552,0.637,0.6,0.2
39.36,1.55,0.637,0.6,0.2
39.38,1.549,0.637,0.6,0.2
39.4,1.548,0.635,0.6,0.2
39.42,1.547,0.635,0.6,0.2
39.44,1.545,0.634,0.6,0.2
39.46,1.544,0.632,0.6,0.2
39.48,1.543,0.63,0.6,0.2
39.5,1.541,0.628,0.6,0.2
39.52,1.54,0.627,0.6,0.2
39.54,1.538,0.625,0.6,0.2
39.56,1.537,0.623,0.6,0.2
39.58,1.535,0.621,0.6,0.2
39.6,1.534,0.618,0.6,0.2
39.62,1.532,0.616,0.6,0.2
39.64,1.531,0.613,0.6,0.2
39.66,1.529,0.611,0.6,0.2
39.68,1.528,0.607,0.6,0.2
39.7,1.526,0.606,0.6,0.2
39.72,1.525,0.602,0.6,0.2
39.74,1.524,0.599,0.6,0.2
39.76,1.522,0.597,0.6,0.2
39.78,1.521,0.593,0.6,0.2
39.8,1.52,0.59,0.6,0.2
39.82,1.519,0.586,0.6,0.2
39.84,1.518,0.585,0.6,0.2
39.86,1.517,0.581,0.6,0.2
39.88,1.516,0.578,0.6,0.2
39.9,1.515,0.576,0.6,0.2
39.92,1.515,0.572,0.6,0.2
39.94,1.514,0.571,0.6,0.2
39.96,1.514,0.567,0.6,0.2
39.98,1.513,0.565,0.6,0.2
40.0,1.513,0.564,0.6,0.2
40.02,1.513,0.562,0.6,0.2
40.04,1.513,0.56,0.6,0.2
40.06,1.513,0.559,0.6,0.2
40.08,1.513,0.557,0.6,0.2
40.1,1.513,0.557,0.6,0.2
40.12,1.514,0.555,0.6,0.2
40.14,1.514,0.555,0.6,0.2
40.16,1.515,0.555,0.6,0.2
40.18,1.515,0.555,0.6,0.2
40.2,1.516,0.555,0.6,0.2
40.22,1.517,0.555,0.6,0.2
40.24,1.518,0.555,0.6,0.2
40.26,1.519,0.557,0.6,0.2
40.28,1.521,0.557,0.6,0.2
40.3,1.522,0.559,0.6,0.2
40.32,1.523,0.559,0.6,0.2
40.34,1.525,0.56,0.6,0.2
40.36,1.526,0.562,0.6,0.2
40.38,1.528,0.564,0.6,0.2
40.4,1.529,0.565,0.6,0.2
40.42,1.531,0.569,0.6,0.2
40.44,1.533,0.571,0.6,0.2
40.46,1.535,0.572,0.6,0.2
40.48,1.536,0.576,0.6,0.2
40.5,1.538,0.578,0.6,0.2
40.52,1.54,0.581,0.6,0.2
40.54,1.542,0.583,0.6,0.2
40.56,1.543,0.586,0.6,0.2
40.58,1.545,0.588,0.6,0.2
40.6,1.547,0.592,0.6,0.2
40.62,1.549,0.595,0.6,0.2
40.64,1.55,0.597,0.6,0.2
40.66,1.552,0.6,0.6,0.2
40.68,1.554,0.602,0.6,0.2
40.7,1.555,0.606,0.6,0.2
40.72,1.557,0.607,0.6,0.2
40.74,1.558,0.611,0.6,0.2
40.76,1.56,0.613,0.6,0.2
40.78,1.561,0.616,0.6,0.2
40.8,1.562,0.618,0.6,0.2
40.82,1.563,0.621,0.6,0.2
40.84,1.564,0.623,0.6,0.2
40.86,1.565,0.625,0.6,0.2
40.88,1.566,0.627,0.6,0.2
40.9,1.566,0.628,0.6,0.2
40.92,1.567,0.63,0.6,0.2
40.94,1.568,0.632,0.6,0.2
40.96,1.568,0.634,0.6,0.2
40.98,1.568,0.635,0.6,0.2
41.0,1.568,0.635,0.6,0.2
41.02,1.568,0.637,0.6,0.2
41.04,1.568,0.637,0.6,0.2
41.06,1.568,0.639,0.6,0.2
41.08,1.568,0.639,0.6,0.2
41.1,1.567,0.639,0.6,0.2
41.12,1.567,0.639,0.6,0.2
41.14,1.567,0.637,0.6,0.2
41.16,1.566,0.637,0.6,0.2
41.18,1.565,0.637,0.6,0.2
41.2,1.565,0.635,0.6,0.2
41.22,1.564,0.635,0.6,0.2
41.24,1.563,0.634,0.6,0.2
41.26,1.562,0.632,0.6,0.2
41.28,1.561,0.63,0.6,0.2
41.3,1.56,0.628,0.6,0.2
41.32,1.559,0.627,0.6,0.2
41.34,1.557,0.625,0.6,0.2
41.36,1.556,0.621,0.6,0.2
41.38,1.555,0.62,0.6,0.2
41.4,1.554,0.618,0.6,0.2
41.42,1.553,0.614,0.6,0.2
41.44,1.551,0.613,0.6,0.2
41.46,1.55,0.609,0.6,0.2
41.48,1.549,0.607,0.6,0.2
41.5,1.548,0.604,0.6,0.2
41.52,1.546,0.6,0.6,0.2
41.54,1.545,0.599,0.6,0.2
41.56,1.544,0.595,0.6,0.2
41.58,1.543,0.592,0.6,0.2
41.6,1.542,0.59,0.6,0.2
41.62,1.541,0.586,0.6,0.2
41.64,1.541,0.583,0.6,0.2
41.66,1.54,0.581,0.6,0.2
41.68,1.539,0.578,0.6,0.2
41.7,1.538,0.576,0.6,0.2
41.72,1.538,0.574,0.6,0.2
41.74,1.537,0.571,0.6,0.2
41.76,1.537,0.569,0.6,0.2
41.78,1.537,0.567,0.6,0.2
41.8,1.536,0.565,0.6,0.2
41.82,1.536,0.564,0.6,0.2
41.84,1.537,0.562,0.6,0.2
41.86,1.537,0.56,0.6,0.2
41.88,1.537,0.559,0.6,0.2
41.9,1.537,0.559,0.6,0.2
41.92,1.538,0.557,0.6,0.2
41.94,1.538,0.557,0.6,0.2
41.96,1.539,0.557,0.6,0.2
41.98,1.54,0.557,0.6,0.2
42.0,1.541,0.557,0.6,0.2
42.02,1.542,0.557,0.6,0.2
42.04,1.542,0.559,0.6,0.2
42.06,1.544,0.559,0.6,0.2
42.08,1.545,0.56,0.6,0.2
42.1,1.546,0.56,0.6,0.2
42.12,1.548,0.562,0.6,0.2
42.14,1.549,0.564,0.6,0.2
42.16,1.551,0.564,0.6,0.2
42.18,1.552,0.565,0.6,0.2
42.2,1.554,0.567,0.6,0.2
42.22,1.555,0.571,0.6,0.2
42.24,1.557,0.572,0.6,0.2
42.26,1.559,0.574,0.6,0.2
42.28,1.56,0.578,0.6,0.2
42.3,1.562,0.579,0.6,0.2
42.32,1.564,0.583,0.6,0.2
42.34,1.566,0.585,0.6,0.2
42.36,1.567,0.588,0.6,0.2
42.38,1.569,0.592,0.6,0.2
42.4,1.57,0.595,0.6,0.2
42.42,1.572,0.599,0.6,0.2
42.44,1.573,0.602,0.6,0.2
42.46,1.575,0.606,0.6,0.2
42.48,1.576,0.609,0.6,0.2
42.5,1.577,0.613,0.6,0.2
42.52,1.578,0.616,0.6,0.2
42.54,1.58,0.618,0.6,0.2
42.56,1.581,0.621,0.6,0.2
42.58,1.582,0.625,0.6,0.2
42.6,1.582,0.628,0.6,0.2
42.62,1.583,0.63,0.6,0.2
42.64,1.584,0.634,0.6,0.2
42.66,1.585,0.635,0.6,0.2
42.68,1.585,0.639,0.6,0.2
42.7,1.585,0.641,0.6,0.2
